Timestamp,Day_of_Week,Hour_of_Day,Ambient_Light_Level,Room_Occupied,Current_Lamp_Brightness,Current_Lamp_Color_Temp,Energy_Consumption_kWh,Power_Cost_IDR
2024-10-31 00:00:00,3,0,19.08,1,80.79,2257.34,0.0097,13.11
2024-10-31 00:45:00,3,0,31.71,0,0,2000,0.0,0.0
2024-10-31 01:30:00,3,1,27.63,0,0,2000,0.0,0.0
2024-10-31 02:15:00,3,2,33.26,1,89.48,2270.95,0.0107,14.52
2024-10-31 03:00:00,3,3,11.57,0,0,2000,0.0,0.0
2024-10-31 03:45:00,3,3,13.58,0,0,2000,0.0,0.0
2024-10-31 04:30:00,3,4,8.9,1,69.84,4225.85,0.0084,11.33
2024-10-31 05:15:00,3,5,30.32,1,69.56,4563.09,0.0083,11.29
2024-10-31 06:00:00,3,6,76.71,0,0,2000,0.0,0.0
2024-10-31 06:45:00,3,6,72.98,0,0,2000,0.0,0.0
2024-10-31 07:30:00,3,7,176.87,1,86.68,5684.66,0.0104,14.06
2024-10-31 08:15:00,3,8,227.86,1,82.0,6191.25,0.0098,13.3
2024-10-31 09:00:00,3,9,650.45,1,15.96,4678.2,0.0019,2.59
2024-10-31 09:45:00,3,9,440.67,1,36.37,4836.71,0.0044,5.9
2024-10-31 10:30:00,3,10,930.4,1,29.24,4800.41,0.0035,4.74
2024-10-31 11:15:00,3,11,944.89,1,18.2,4835.18,0.0022,2.95
2024-10-31 12:00:00,3,12,768.79,1,26.72,4523.31,0.0032,4.34
2024-10-31 12:45:00,3,12,1000,1,17.11,4226.34,0.0021,2.78
2024-10-31 13:30:00,3,13,742.08,1,31.64,4760.28,0.0038,5.13
2024-10-31 14:15:00,3,14,663.88,1,25.95,4580.1,0.0031,4.21
2024-10-31 15:00:00,3,15,499.96,0,0,2000,0.0,0.0
2024-10-31 15:45:00,3,15,464.94,0,0,2000,0.0,0.0
2024-10-31 16:30:00,3,16,225.17,1,97.09,3837.93,0.0117,15.75
2024-10-31 17:15:00,3,17,90.96,1,68.38,4197.69,0.0082,16.64
2024-10-31 18:00:00,3,18,43.77,0,0,2000,0.0,0.0
2024-10-31 18:45:00,3,18,40.12,1,54.52,2953.9,0.0065,13.27
2024-10-31 19:30:00,3,19,24.58,1,71.1,2340.56,0.0085,17.3
2024-10-31 20:15:00,3,20,15.41,0,0,2000,0.0,0.0
2024-10-31 21:00:00,3,21,25.36,1,79.17,2993.81,0.0095,19.27
2024-10-31 21:45:00,3,21,17.69,0,0,2000,0.0,0.0
2024-10-31 22:30:00,3,22,14.69,0,0,2000,0.0,0.0
2024-10-31 23:15:00,3,23,17.21,0,0,2000,0.0,0.0
2024-11-01 00:00:00,4,0,36.87,0,0,2000,0.0,0.0
2024-11-01 00:45:00,4,0,19.37,0,0,2000,0.0,0.0
2024-11-01 01:30:00,4,1,21.63,0,0,2000,0.0,0.0
2024-11-01 02:15:00,4,2,18.62,0,0,2000,0.0,0.0
2024-11-01 03:00:00,4,3,37.34,0,0,2000,0.0,0.0
2024-11-01 03:45:00,4,3,36.98,0,0,2000,0.0,0.0
2024-11-01 04:30:00,4,4,5.42,0,0,2000,0.0,0.0
2024-11-01 05:15:00,4,5,6.05,0,0,2000,0.0,0.0
2024-11-01 06:00:00,4,6,60.69,1,99.58,5191.34,0.0119,16.16
2024-11-01 06:45:00,4,6,55.95,0,0,2000,0.0,0.0
2024-11-01 07:30:00,4,7,155.0,1,95.53,5401.65,0.0115,15.5
2024-11-01 08:15:00,4,8,279.12,1,80.82,5698.08,0.0097,13.11
2024-11-01 09:00:00,4,9,496.38,0,0,2000,0.0,0.0
2024-11-01 09:45:00,4,9,455.1,1,44.1,4957.72,0.0053,7.16
2024-11-01 10:30:00,4,10,639.46,1,15.74,4568.77,0.0019,2.55
2024-11-01 11:15:00,4,11,815.73,1,24.89,4556.58,0.003,4.04
2024-11-01 12:00:00,4,12,948.42,1,18.82,4932.64,0.0023,3.05
2024-11-01 12:45:00,4,12,722.34,0,0,2000,0.0,0.0
2024-11-01 13:30:00,4,13,752.6,1,26.72,4649.6,0.0032,4.34
2024-11-01 14:15:00,4,14,849.28,1,27.53,4595.47,0.0033,4.47
2024-11-01 15:00:00,4,15,438.1,1,60.71,4794.41,0.0073,9.85
2024-11-01 15:45:00,4,15,457.83,1,62.82,4523.58,0.0075,10.19
2024-11-01 16:30:00,4,16,193.54,1,79.49,3625.77,0.0095,12.9
2024-11-01 17:15:00,4,17,116.66,1,69.14,3906.73,0.0083,16.83
2024-11-01 18:00:00,4,18,42.87,1,64.55,2929.18,0.0077,15.71
2024-11-01 18:45:00,4,18,37.07,0,0,2000,0.0,0.0
2024-11-01 19:30:00,4,19,18.57,0,0,2000,0.0,0.0
2024-11-01 20:15:00,4,20,36.72,1,76.28,2839.45,0.0092,18.56
2024-11-01 21:00:00,4,21,24.81,0,0,2000,0.0,0.0
2024-11-01 21:45:00,4,21,23.45,0,0,2000,0.0,0.0
2024-11-01 22:30:00,4,22,12.2,1,73.16,2250.74,0.0088,17.8
2024-11-01 23:15:00,4,23,20.09,0,0,2000,0.0,0.0
2024-11-02 00:00:00,5,0,27.79,0,0,2000,0.0,0.0
2024-11-02 00:45:00,5,0,30.87,1,95.15,2415.15,0.0114,15.44
2024-11-02 01:30:00,5,1,33.34,0,0,2000,0.0,0.0
2024-11-02 02:15:00,5,2,25.77,0,0,2000,0.0,0.0
2024-11-02 03:00:00,5,3,36.83,0,0,2000,0.0,0.0
2024-11-02 03:45:00,5,3,14.74,0,0,2000,0.0,0.0
2024-11-02 04:30:00,5,4,31.81,0,0,2000,0.0,0.0
2024-11-02 05:15:00,5,5,25.0,1,95.31,4224.19,0.0114,15.46
2024-11-02 06:00:00,5,6,55.05,1,72.57,6332.0,0.0087,11.77
2024-11-02 06:45:00,5,6,75.5,1,98.45,5476.26,0.0118,15.97
2024-11-02 07:30:00,5,7,160.5,0,0,2000,0.0,0.0
2024-11-02 08:15:00,5,8,347.27,1,54.09,6211.67,0.0065,8.78
2024-11-02 09:00:00,5,9,414.03,0,0,2000,0.0,0.0
2024-11-02 09:45:00,5,9,565.02,1,37.02,4483.63,0.0044,6.01
2024-11-02 10:30:00,5,10,632.12,0,0,2000,0.0,0.0
2024-11-02 11:15:00,5,11,1000,1,30.67,4264.46,0.0037,4.98
2024-11-02 12:00:00,5,12,955.4,0,0,2000,0.0,0.0
2024-11-02 12:45:00,5,12,1000,1,16.71,4480.77,0.002,2.71
2024-11-02 13:30:00,5,13,947.46,1,15.17,4672.12,0.0018,2.46
2024-11-02 14:15:00,5,14,581.18,1,64.35,4248.85,0.0077,10.44
2024-11-02 15:00:00,5,15,519.17,1,43.81,4747.63,0.0053,7.11
2024-11-02 15:45:00,5,15,340.05,1,49.39,4709.49,0.0059,8.01
2024-11-02 16:30:00,5,16,183.28,1,91.88,3593.86,0.011,14.91
2024-11-02 17:15:00,5,17,103.54,1,58.04,3702.79,0.007,14.12
2024-11-02 18:00:00,5,18,42.74,1,61.73,2194.7,0.0074,15.02
2024-11-02 18:45:00,5,18,46.87,0,0,2000,0.0,0.0
2024-11-02 19:30:00,5,19,33.72,0,0,2000,0.0,0.0
2024-11-02 20:15:00,5,20,9.63,0,0,2000,0.0,0.0
2024-11-02 21:00:00,5,21,12.07,1,66.09,2298.54,0.0079,16.08
2024-11-02 21:45:00,5,21,25.83,1,62.27,2268.47,0.0075,15.15
2024-11-02 22:30:00,5,22,13.02,0,0,2000,0.0,0.0
2024-11-02 23:15:00,5,23,11.25,0,0,2000,0.0,0.0
2024-11-03 00:00:00,6,0,35.43,0,0,2000,0.0,0.0
2024-11-03 00:45:00,6,0,34.37,0,0,2000,0.0,0.0
2024-11-03 01:30:00,6,1,20.26,0,0,2000,0.0,0.0
2024-11-03 02:15:00,6,2,19.08,0,0,2000,0.0,0.0
2024-11-03 03:00:00,6,3,30.82,0,0,2000,0.0,0.0
2024-11-03 03:45:00,6,3,34.92,0,0,2000,0.0,0.0
2024-11-03 04:30:00,6,4,15.4,0,0,2000,0.0,0.0
2024-11-03 05:15:00,6,5,28.65,0,0,2000,0.0,0.0
2024-11-03 06:00:00,6,6,63.58,1,69.42,5457.37,0.0083,11.26
2024-11-03 06:45:00,6,6,65.17,0,0,2000,0.0,0.0
2024-11-03 07:30:00,6,7,121.27,1,93.8,6240.51,0.0113,15.22
2024-11-03 08:15:00,6,8,234.65,0,0,2000,0.0,0.0
2024-11-03 09:00:00,6,9,387.6,1,39.19,4287.57,0.0047,6.36
2024-11-03 09:45:00,6,9,405.84,1,63.68,4974.54,0.0076,10.33
2024-11-03 10:30:00,6,10,908.64,1,25.25,4889.95,0.003,4.1
2024-11-03 11:15:00,6,11,904.75,1,23.17,4446.16,0.0028,3.76
2024-11-03 12:00:00,6,12,1000,1,22.31,4903.19,0.0027,3.62
2024-11-03 12:45:00,6,12,702.12,1,21.43,4269.78,0.0026,3.48
2024-11-03 13:30:00,6,13,617.23,1,31.26,4810.33,0.0038,5.07
2024-11-03 14:15:00,6,14,640.83,1,31.36,4891.3,0.0038,5.09
2024-11-03 15:00:00,6,15,423.52,0,0,2000,0.0,0.0
2024-11-03 15:45:00,6,15,333.35,0,0,2000,0.0,0.0
2024-11-03 16:30:00,6,16,183.14,1,91.36,3543.4,0.011,14.82
2024-11-03 17:15:00,6,17,87.84,0,0,2000,0.0,0.0
2024-11-03 18:00:00,6,18,42.5,1,69.1,2622.29,0.0083,16.82
2024-11-03 18:45:00,6,18,31.4,0,0,2000,0.0,0.0
2024-11-03 19:30:00,6,19,19.5,1,57.22,2445.06,0.0069,13.92
2024-11-03 20:15:00,6,20,9.47,1,62.72,2320.17,0.0075,15.26
2024-11-03 21:00:00,6,21,15.81,0,0,2000,0.0,0.0
2024-11-03 21:45:00,6,21,35.59,0,0,2000,0.0,0.0
2024-11-03 22:30:00,6,22,37.74,1,60.97,2293.09,0.0073,14.84
2024-11-03 23:15:00,6,23,23.92,0,0,2000,0.0,0.0
2024-11-04 00:00:00,0,0,23.32,0,0,2000,0.0,0.0
2024-11-04 00:45:00,0,0,8.8,0,0,2000,0.0,0.0
2024-11-04 01:30:00,0,1,35.48,0,0,2000,0.0,0.0
2024-11-04 02:15:00,0,2,33.83,0,0,2000,0.0,0.0
2024-11-04 03:00:00,0,3,24.07,0,0,2000,0.0,0.0
2024-11-04 03:45:00,0,3,31.69,0,0,2000,0.0,0.0
2024-11-04 04:30:00,0,4,37.54,1,75.58,4597.79,0.0091,12.26
2024-11-04 05:15:00,0,5,18.73,0,0,2000,0.0,0.0
2024-11-04 06:00:00,0,6,83.57,0,0,2000,0.0,0.0
2024-11-04 06:45:00,0,6,67.64,0,0,2000,0.0,0.0
2024-11-04 07:30:00,0,7,142.66,1,88.37,5851.59,0.0106,14.34
2024-11-04 08:15:00,0,8,305.73,1,48.52,6447.65,0.0058,7.87
2024-11-04 09:00:00,0,9,498.68,1,53.19,4401.05,0.0064,8.63
2024-11-04 09:45:00,0,9,428.67,1,61.83,4543.59,0.0074,10.03
2024-11-04 10:30:00,0,10,577.42,1,64.35,4767.59,0.0077,10.44
2024-11-04 11:15:00,0,11,946.55,1,26.42,4831.12,0.0032,4.29
2024-11-04 12:00:00,0,12,1000,1,16.45,4762.72,0.002,2.67
2024-11-04 12:45:00,0,12,780.92,0,0,2000,0.0,0.0
2024-11-04 13:30:00,0,13,1000,1,21.51,4933.52,0.0026,3.49
2024-11-04 14:15:00,0,14,781.51,1,27.24,4897.84,0.0033,4.42
2024-11-04 15:00:00,0,15,293.82,1,91.29,4940.16,0.011,14.81
2024-11-04 15:45:00,0,15,309.57,1,41.25,4869.71,0.005,6.69
2024-11-04 16:30:00,0,16,192.25,0,0,2000,0.0,0.0
2024-11-04 17:15:00,0,17,96.59,1,70.08,3535.28,0.0084,17.06
2024-11-04 18:00:00,0,18,38.6,1,58.91,2393.2,0.0071,14.34
2024-11-04 18:45:00,0,18,49.82,0,0,2000,0.0,0.0
2024-11-04 19:30:00,0,19,29.27,0,0,2000,0.0,0.0
2024-11-04 20:15:00,0,20,17.64,1,63.63,2928.93,0.0076,15.49
2024-11-04 21:00:00,0,21,17.63,1,76.75,2459.39,0.0092,18.68
2024-11-04 21:45:00,0,21,28.47,0,0,2000,0.0,0.0
2024-11-04 22:30:00,0,22,20.99,0,0,2000,0.0,0.0
2024-11-04 23:15:00,0,23,15.6,0,0,2000,0.0,0.0
2024-11-05 00:00:00,1,0,12.65,0,0,2000,0.0,0.0
2024-11-05 00:45:00,1,0,13.13,0,0,2000,0.0,0.0
2024-11-05 01:30:00,1,1,35.17,0,0,2000,0.0,0.0
2024-11-05 02:15:00,1,2,5.02,0,0,2000,0.0,0.0
2024-11-05 03:00:00,1,3,11.96,1,96.28,2046.94,0.0116,15.62
2024-11-05 03:45:00,1,3,38.09,0,0,2000,0.0,0.0
2024-11-05 04:30:00,1,4,31.25,0,0,2000,0.0,0.0
2024-11-05 05:15:00,1,5,37.31,0,0,2000,0.0,0.0
2024-11-05 06:00:00,1,6,72.2,1,71.23,6038.99,0.0085,11.56
2024-11-05 06:45:00,1,6,58.57,1,88.09,5022.63,0.0106,14.29
2024-11-05 07:30:00,1,7,145.16,1,70.11,5050.88,0.0084,11.37
2024-11-05 08:15:00,1,8,328.87,1,40.0,5115.52,0.0048,6.49
2024-11-05 09:00:00,1,9,631.22,1,23.8,4219.77,0.0029,3.86
2024-11-05 09:45:00,1,9,472.19,1,60.36,4973.58,0.0072,9.79
2024-11-05 10:30:00,1,10,690.28,1,22.46,4453.75,0.0027,3.64
2024-11-05 11:15:00,1,11,937.47,1,26.57,4376.62,0.0032,4.31
2024-11-05 12:00:00,1,12,783.68,1,24.21,4371.48,0.0029,3.93
2024-11-05 12:45:00,1,12,1000,1,26.86,4270.52,0.0032,4.36
2024-11-05 13:30:00,1,13,812.5,1,19.96,4395.58,0.0024,3.24
2024-11-05 14:15:00,1,14,464.55,1,62.75,4389.43,0.0075,10.18
2024-11-05 15:00:00,1,15,370.13,0,0,2000,0.0,0.0
2024-11-05 15:45:00,1,15,454.5,0,0,2000,0.0,0.0
2024-11-05 16:30:00,1,16,249.62,1,68.67,3701.68,0.0082,11.14
2024-11-05 17:15:00,1,17,115.56,1,74.25,4126.52,0.0089,18.07
2024-11-05 18:00:00,1,18,34.93,0,0,2000,0.0,0.0
2024-11-05 18:45:00,1,18,52.92,0,0,2000,0.0,0.0
2024-11-05 19:30:00,1,19,13.92,0,0,2000,0.0,0.0
2024-11-05 20:15:00,1,20,13.37,0,0,2000,0.0,0.0
2024-11-05 21:00:00,1,21,15.75,0,0,2000,0.0,0.0
2024-11-05 21:45:00,1,21,8.49,0,0,2000,0.0,0.0
2024-11-05 22:30:00,1,22,23.34,0,0,2000,0.0,0.0
2024-11-05 23:15:00,1,23,32.01,0,0,2000,0.0,0.0
2024-11-06 00:00:00,2,0,33.81,0,0,2000,0.0,0.0
2024-11-06 00:45:00,2,0,5.9,0,0,2000,0.0,0.0
2024-11-06 01:30:00,2,1,5.36,1,85.67,2038.01,0.0103,13.9
2024-11-06 02:15:00,2,2,28.54,0,0,2000,0.0,0.0
2024-11-06 03:00:00,2,3,25.09,0,0,2000,0.0,0.0
2024-11-06 03:45:00,2,3,37.91,0,0,2000,0.0,0.0
2024-11-06 04:30:00,2,4,34.09,0,0,2000,0.0,0.0
2024-11-06 05:15:00,2,5,12.28,0,0,2000,0.0,0.0
2024-11-06 06:00:00,2,6,56.1,0,0,2000,0.0,0.0
2024-11-06 06:45:00,2,6,54.26,1,66.3,6433.17,0.008,10.76
2024-11-06 07:30:00,2,7,192.26,0,0,2000,0.0,0.0
2024-11-06 08:15:00,2,8,225.46,0,0,2000,0.0,0.0
2024-11-06 09:00:00,2,9,502.88,1,55.89,4834.01,0.0067,9.07
2024-11-06 09:45:00,2,9,491.61,1,61.48,4711.83,0.0074,9.97
2024-11-06 10:30:00,2,10,811.65,1,32.48,4646.57,0.0039,5.27
2024-11-06 11:15:00,2,11,939.11,1,25.18,4708.47,0.003,4.08
2024-11-06 12:00:00,2,12,731.29,1,32.81,4643.67,0.0039,5.32
2024-11-06 12:45:00,2,12,893.03,1,16.37,4857.38,0.002,2.66
2024-11-06 13:30:00,2,13,1000,1,18.25,4821.6,0.0022,2.96
2024-11-06 14:15:00,2,14,741.67,1,25.08,4370.08,0.003,4.07
2024-11-06 15:00:00,2,15,462.81,1,48.24,4271.67,0.0058,7.83
2024-11-06 15:45:00,2,15,452.89,0,0,2000,0.0,0.0
2024-11-06 16:30:00,2,16,295.35,1,72.07,3894.63,0.0086,11.69
2024-11-06 17:15:00,2,17,121.03,0,0,2000,0.0,0.0
2024-11-06 18:00:00,2,18,49.64,0,0,2000,0.0,0.0
2024-11-06 18:45:00,2,18,42.37,0,0,2000,0.0,0.0
2024-11-06 19:30:00,2,19,18.67,0,0,2000,0.0,0.0
2024-11-06 20:15:00,2,20,28.3,0,0,2000,0.0,0.0
2024-11-06 21:00:00,2,21,7.95,0,0,2000,0.0,0.0
2024-11-06 21:45:00,2,21,5.26,0,0,2000,0.0,0.0
2024-11-06 22:30:00,2,22,27.27,0,0,2000,0.0,0.0
2024-11-06 23:15:00,2,23,18.85,0,0,2000,0.0,0.0
2024-11-07 00:00:00,3,0,28.06,0,0,2000,0.0,0.0
2024-11-07 00:45:00,3,0,28.88,0,0,2000,0.0,0.0
2024-11-07 01:30:00,3,1,28.0,0,0,2000,0.0,0.0
2024-11-07 02:15:00,3,2,29.03,0,0,2000,0.0,0.0
2024-11-07 03:00:00,3,3,23.24,0,0,2000,0.0,0.0
2024-11-07 03:45:00,3,3,11.09,0,0,2000,0.0,0.0
2024-11-07 04:30:00,3,4,8.9,0,0,2000,0.0,0.0
2024-11-07 05:15:00,3,5,17.54,0,0,2000,0.0,0.0
2024-11-07 06:00:00,3,6,82.59,1,87.04,6300.41,0.0104,14.12
2024-11-07 06:45:00,3,6,60.5,1,90.42,6338.71,0.0109,14.67
2024-11-07 07:30:00,3,7,178.83,0,0,2000,0.0,0.0
2024-11-07 08:15:00,3,8,287.24,1,92.46,5125.12,0.0111,15.0
2024-11-07 09:00:00,3,9,539.64,1,38.38,4431.5,0.0046,6.23
2024-11-07 09:45:00,3,9,528.96,1,36.48,4970.24,0.0044,5.92
2024-11-07 10:30:00,3,10,978.7,1,29.5,4315.19,0.0035,4.79
2024-11-07 11:15:00,3,11,1000,1,23.81,4428.61,0.0029,3.86
2024-11-07 12:00:00,3,12,742.6,0,0,2000,0.0,0.0
2024-11-07 12:45:00,3,12,1000,1,21.95,4563.46,0.0026,3.56
2024-11-07 13:30:00,3,13,673.98,1,18.79,4698.79,0.0023,3.05
2024-11-07 14:15:00,3,14,485.02,0,0,2000,0.0,0.0
2024-11-07 15:00:00,3,15,540.06,0,0,2000,0.0,0.0
2024-11-07 15:45:00,3,15,356.61,1,57.22,4861.97,0.0069,9.28
2024-11-07 16:30:00,3,16,257.92,0,0,2000,0.0,0.0
2024-11-07 17:15:00,3,17,132.61,1,61.88,3883.14,0.0074,15.06
2024-11-07 18:00:00,3,18,37.29,1,52.52,2739.32,0.0063,12.78
2024-11-07 18:45:00,3,18,48.67,1,52.12,2236.59,0.0063,12.68
2024-11-07 19:30:00,3,19,8.89,1,63.48,2799.03,0.0076,15.45
2024-11-07 20:15:00,3,20,25.47,1,56.23,2072.78,0.0067,13.68
2024-11-07 21:00:00,3,21,12.01,1,67.23,2726.01,0.0081,16.36
2024-11-07 21:45:00,3,21,16.82,1,79.43,2827.53,0.0095,19.33
2024-11-07 22:30:00,3,22,36.14,1,75.88,2751.46,0.0091,18.47
2024-11-07 23:15:00,3,23,24.98,0,0,2000,0.0,0.0
2024-11-08 00:00:00,4,0,32.22,0,0,2000,0.0,0.0
2024-11-08 00:45:00,4,0,29.7,0,0,2000,0.0,0.0
2024-11-08 01:30:00,4,1,36.39,0,0,2000,0.0,0.0
2024-11-08 02:15:00,4,2,23.15,0,0,2000,0.0,0.0
2024-11-08 03:00:00,4,3,8.05,0,0,2000,0.0,0.0
2024-11-08 03:45:00,4,3,12.29,0,0,2000,0.0,0.0
2024-11-08 04:30:00,4,4,6.88,1,92.35,4599.85,0.0111,14.98
2024-11-08 05:15:00,4,5,17.03,0,0,2000,0.0,0.0
2024-11-08 06:00:00,4,6,51.39,1,83.1,5853.91,0.01,13.48
2024-11-08 06:45:00,4,6,79.02,0,0,2000,0.0,0.0
2024-11-08 07:30:00,4,7,141.19,1,75.06,5561.26,0.009,12.18
2024-11-08 08:15:00,4,8,266.86,1,72.8,5511.84,0.0087,11.81
2024-11-08 09:00:00,4,9,563.42,0,0,2000,0.0,0.0
2024-11-08 09:45:00,4,9,389.07,1,44.38,4224.19,0.0053,7.2
2024-11-08 10:30:00,4,10,808.15,1,31.78,4870.5,0.0038,5.16
2024-11-08 11:15:00,4,11,791.38,1,27.08,4408.62,0.0032,4.39
2024-11-08 12:00:00,4,12,819.87,0,0,2000,0.0,0.0
2024-11-08 12:45:00,4,12,1000,1,32.6,4361.62,0.0039,5.29
2024-11-08 13:30:00,4,13,736.98,1,32.22,4848.46,0.0039,5.23
2024-11-08 14:15:00,4,14,517.47,1,38.16,4721.05,0.0046,6.19
2024-11-08 15:00:00,4,15,462.04,0,0,2000,0.0,0.0
2024-11-08 15:45:00,4,15,404.1,1,62.58,4774.68,0.0075,10.15
2024-11-08 16:30:00,4,16,178.84,1,73.93,4160.36,0.0089,11.99
2024-11-08 17:15:00,4,17,99.37,1,72.68,4050.65,0.0087,17.69
2024-11-08 18:00:00,4,18,49.53,0,0,2000,0.0,0.0
2024-11-08 18:45:00,4,18,39.02,0,0,2000,0.0,0.0
2024-11-08 19:30:00,4,19,22.81,0,0,2000,0.0,0.0
2024-11-08 20:15:00,4,20,38.16,0,0,2000,0.0,0.0
2024-11-08 21:00:00,4,21,39.07,1,60.78,2886.55,0.0073,14.79
2024-11-08 21:45:00,4,21,39.35,0,0,2000,0.0,0.0
2024-11-08 22:30:00,4,22,33.6,0,0,2000,0.0,0.0
2024-11-08 23:15:00,4,23,16.15,0,0,2000,0.0,0.0
2024-11-09 00:00:00,5,0,26.54,0,0,2000,0.0,0.0
2024-11-09 00:45:00,5,0,6.29,0,0,2000,0.0,0.0
2024-11-09 01:30:00,5,1,30.53,0,0,2000,0.0,0.0
2024-11-09 02:15:00,5,2,8.76,0,0,2000,0.0,0.0
2024-11-09 03:00:00,5,3,29.32,0,0,2000,0.0,0.0
2024-11-09 03:45:00,5,3,16.35,0,0,2000,0.0,0.0
2024-11-09 04:30:00,5,4,9.68,1,94.19,4937.98,0.0113,15.28
2024-11-09 05:15:00,5,5,29.88,0,0,2000,0.0,0.0
2024-11-09 06:00:00,5,6,73.85,0,0,2000,0.0,0.0
2024-11-09 06:45:00,5,6,64.99,0,0,2000,0.0,0.0
2024-11-09 07:30:00,5,7,149.29,1,99.44,5062.67,0.0119,16.13
2024-11-09 08:15:00,5,8,232.62,1,94.18,5818.03,0.0113,15.28
2024-11-09 09:00:00,5,9,691.74,0,0,2000,0.0,0.0
2024-11-09 09:45:00,5,9,408.95,1,46.09,4546.61,0.0055,7.48
2024-11-09 10:30:00,5,10,792.75,1,31.34,4390.72,0.0038,5.08
2024-11-09 11:15:00,5,11,682.12,0,0,2000,0.0,0.0
2024-11-09 12:00:00,5,12,858.92,1,28.41,4605.26,0.0034,4.61
2024-11-09 12:45:00,5,12,997.84,1,18.98,4537.65,0.0023,3.08
2024-11-09 13:30:00,5,13,1000,1,29.83,4920.19,0.0036,4.84
2024-11-09 14:15:00,5,14,737.03,1,21.4,4690.56,0.0026,3.47
2024-11-09 15:00:00,5,15,479.28,0,0,2000,0.0,0.0
2024-11-09 15:45:00,5,15,499.97,1,42.46,4719.11,0.0051,6.89
2024-11-09 16:30:00,5,16,236.33,1,72.28,3851.61,0.0087,11.73
2024-11-09 17:15:00,5,17,99.94,0,0,2000,0.0,0.0
2024-11-09 18:00:00,5,18,44.09,0,0,2000,0.0,0.0
2024-11-09 18:45:00,5,18,47.56,0,0,2000,0.0,0.0
2024-11-09 19:30:00,5,19,27.09,1,68.56,2070.74,0.0082,16.68
2024-11-09 20:15:00,5,20,11.68,1,69.24,2248.53,0.0083,16.85
2024-11-09 21:00:00,5,21,19.11,0,0,2000,0.0,0.0
2024-11-09 21:45:00,5,21,30.29,1,52.71,2040.71,0.0063,12.83
2024-11-09 22:30:00,5,22,27.74,0,0,2000,0.0,0.0
2024-11-09 23:15:00,5,23,13.25,0,0,2000,0.0,0.0
2024-11-10 00:00:00,6,0,15.9,0,0,2000,0.0,0.0
2024-11-10 00:45:00,6,0,35.99,0,0,2000,0.0,0.0
2024-11-10 01:30:00,6,1,22.34,0,0,2000,0.0,0.0
2024-11-10 02:15:00,6,2,27.44,0,0,2000,0.0,0.0
2024-11-10 03:00:00,6,3,31.08,0,0,2000,0.0,0.0
2024-11-10 03:45:00,6,3,21.45,0,0,2000,0.0,0.0
2024-11-10 04:30:00,6,4,20.99,0,0,2000,0.0,0.0
2024-11-10 05:15:00,6,5,38.05,0,0,2000,0.0,0.0
2024-11-10 06:00:00,6,6,85.53,0,0,2000,0.0,0.0
2024-11-10 06:45:00,6,6,76.81,1,79.81,5518.91,0.0096,12.95
2024-11-10 07:30:00,6,7,175.35,1,81.09,5722.65,0.0097,13.16
2024-11-10 08:15:00,6,8,258.73,1,97.74,5730.77,0.0117,15.86
2024-11-10 09:00:00,6,9,498.25,1,63.98,4634.0,0.0077,10.38
2024-11-10 09:45:00,6,9,495.87,0,0,2000,0.0,0.0
2024-11-10 10:30:00,6,10,844.79,1,26.07,4890.99,0.0031,4.23
2024-11-10 11:15:00,6,11,914.03,0,0,2000,0.0,0.0
2024-11-10 12:00:00,6,12,793.59,0,0,2000,0.0,0.0
2024-11-10 12:45:00,6,12,840.39,0,0,2000,0.0,0.0
2024-11-10 13:30:00,6,13,705.57,1,33.44,4206.54,0.004,5.43
2024-11-10 14:15:00,6,14,494.9,1,40.61,4479.24,0.0049,6.59
2024-11-10 15:00:00,6,15,369.5,1,43.25,4573.07,0.0052,7.02
2024-11-10 15:45:00,6,15,463.85,0,0,2000,0.0,0.0
2024-11-10 16:30:00,6,16,222.96,0,0,2000,0.0,0.0
2024-11-10 17:15:00,6,17,93.45,1,58.55,3966.8,0.007,14.25
2024-11-10 18:00:00,6,18,36.97,1,63.44,2737.7,0.0076,15.44
2024-11-10 18:45:00,6,18,48.67,1,70.33,2655.79,0.0084,17.11
2024-11-10 19:30:00,6,19,39.73,1,66.2,2528.32,0.0079,16.11
2024-11-10 20:15:00,6,20,23.25,0,0,2000,0.0,0.0
2024-11-10 21:00:00,6,21,12.54,0,0,2000,0.0,0.0
2024-11-10 21:45:00,6,21,16.94,0,0,2000,0.0,0.0
2024-11-10 22:30:00,6,22,12.21,1,58.05,2165.45,0.007,14.13
2024-11-10 23:15:00,6,23,9.53,0,0,2000,0.0,0.0
2024-11-11 00:00:00,0,0,8.9,0,0,2000,0.0,0.0
2024-11-11 00:45:00,0,0,36.35,0,0,2000,0.0,0.0
2024-11-11 01:30:00,0,1,32.89,0,0,2000,0.0,0.0
2024-11-11 02:15:00,0,2,24.05,1,88.01,2090.51,0.0106,14.28
2024-11-11 03:00:00,0,3,5.72,0,0,2000,0.0,0.0
2024-11-11 03:45:00,0,3,28.89,0,0,2000,0.0,0.0
2024-11-11 04:30:00,0,4,27.59,0,0,2000,0.0,0.0
2024-11-11 05:15:00,0,5,25.32,0,0,2000,0.0,0.0
2024-11-11 06:00:00,0,6,58.72,0,0,2000,0.0,0.0
2024-11-11 06:45:00,0,6,71.13,0,0,2000,0.0,0.0
2024-11-11 07:30:00,0,7,164.16,0,0,2000,0.0,0.0
2024-11-11 08:15:00,0,8,299.64,1,91.97,5240.21,0.011,14.92
2024-11-11 09:00:00,0,9,487.54,1,56.08,4845.3,0.0067,9.1
2024-11-11 09:45:00,0,9,405.88,1,40.84,4906.4,0.0049,6.63
2024-11-11 10:30:00,0,10,742.57,1,30.7,4945.78,0.0037,4.98
2024-11-11 11:15:00,0,11,978.66,1,30.87,4661.11,0.0037,5.01
2024-11-11 12:00:00,0,12,1000,0,0,2000,0.0,0.0
2024-11-11 12:45:00,0,12,822.43,0,0,2000,0.0,0.0
2024-11-11 13:30:00,0,13,908.27,1,16.21,4561.45,0.0019,2.63
2024-11-11 14:15:00,0,14,727.19,1,21.43,4585.78,0.0026,3.48
2024-11-11 15:00:00,0,15,511.71,0,0,2000,0.0,0.0
2024-11-11 15:45:00,0,15,483.37,0,0,2000,0.0,0.0
2024-11-11 16:30:00,0,16,228.27,0,0,2000,0.0,0.0
2024-11-11 17:15:00,0,17,102.27,0,0,2000,0.0,0.0
2024-11-11 18:00:00,0,18,48.87,0,0,2000,0.0,0.0
2024-11-11 18:45:00,0,18,41.91,0,0,2000,0.0,0.0
2024-11-11 19:30:00,0,19,32.81,0,0,2000,0.0,0.0
2024-11-11 20:15:00,0,20,9.82,1,56.07,2274.53,0.0067,13.65
2024-11-11 21:00:00,0,21,8.73,0,0,2000,0.0,0.0
2024-11-11 21:45:00,0,21,12.84,1,55.83,2642.79,0.0067,13.59
2024-11-11 22:30:00,0,22,11.13,0,0,2000,0.0,0.0
2024-11-11 23:15:00,0,23,23.75,0,0,2000,0.0,0.0
2024-11-12 00:00:00,1,0,29.63,0,0,2000,0.0,0.0
2024-11-12 00:45:00,1,0,15.01,0,0,2000,0.0,0.0
2024-11-12 01:30:00,1,1,34.2,1,77.59,2394.0,0.0093,12.59
2024-11-12 02:15:00,1,2,32.31,0,0,2000,0.0,0.0
2024-11-12 03:00:00,1,3,14.07,0,0,2000,0.0,0.0
2024-11-12 03:45:00,1,3,14.13,0,0,2000,0.0,0.0
2024-11-12 04:30:00,1,4,11.23,0,0,2000,0.0,0.0
2024-11-12 05:15:00,1,5,12.1,0,0,2000,0.0,0.0
2024-11-12 06:00:00,1,6,62.23,0,0,2000,0.0,0.0
2024-11-12 06:45:00,1,6,63.37,0,0,2000,0.0,0.0
2024-11-12 07:30:00,1,7,118.69,1,73.81,6271.76,0.0089,11.98
2024-11-12 08:15:00,1,8,276.1,1,95.74,5775.92,0.0115,15.53
2024-11-12 09:00:00,1,9,637.41,1,26.95,4776.79,0.0032,4.37
2024-11-12 09:45:00,1,9,696.27,1,27.65,4341.46,0.0033,4.49
2024-11-12 10:30:00,1,10,738.87,1,33.47,4850.14,0.004,5.43
2024-11-12 11:15:00,1,11,794.62,1,25.16,4954.03,0.003,4.08
2024-11-12 12:00:00,1,12,924.32,1,15.83,4931.97,0.0019,2.57
2024-11-12 12:45:00,1,12,1000,0,0,2000,0.0,0.0
2024-11-12 13:30:00,1,13,644.76,1,15.88,4906.72,0.0019,2.58
2024-11-12 14:15:00,1,14,538.81,1,42.84,4649.97,0.0051,6.95
2024-11-12 15:00:00,1,15,501.59,0,0,2000,0.0,0.0
2024-11-12 15:45:00,1,15,344.67,1,39.73,4370.54,0.0048,6.45
2024-11-12 16:30:00,1,16,168.9,0,0,2000,0.0,0.0
2024-11-12 17:15:00,1,17,100.47,1,76.61,3763.99,0.0092,18.64
2024-11-12 18:00:00,1,18,40.69,0,0,2000,0.0,0.0
2024-11-12 18:45:00,1,18,45.65,0,0,2000,0.0,0.0
2024-11-12 19:30:00,1,19,34.81,1,58.42,2395.94,0.007,14.22
2024-11-12 20:15:00,1,20,24.69,0,0,2000,0.0,0.0
2024-11-12 21:00:00,1,21,11.29,1,61.07,2919.43,0.0073,14.86
2024-11-12 21:45:00,1,21,22.89,0,0,2000,0.0,0.0
2024-11-12 22:30:00,1,22,20.03,0,0,2000,0.0,0.0
2024-11-12 23:15:00,1,23,26.49,0,0,2000,0.0,0.0
2024-11-13 00:00:00,2,0,34.82,0,0,2000,0.0,0.0
2024-11-13 00:45:00,2,0,24.54,0,0,2000,0.0,0.0
2024-11-13 01:30:00,2,1,38.22,0,0,2000,0.0,0.0
2024-11-13 02:15:00,2,2,35.04,0,0,2000,0.0,0.0
2024-11-13 03:00:00,2,3,22.6,0,0,2000,0.0,0.0
2024-11-13 03:45:00,2,3,28.36,0,0,2000,0.0,0.0
2024-11-13 04:30:00,2,4,33.51,0,0,2000,0.0,0.0
2024-11-13 05:15:00,2,5,24.29,0,0,2000,0.0,0.0
2024-11-13 06:00:00,2,6,60.47,1,97.14,6196.08,0.0117,15.76
2024-11-13 06:45:00,2,6,67.95,0,0,2000,0.0,0.0
2024-11-13 07:30:00,2,7,112.38,1,72.83,6329.63,0.0087,11.82
2024-11-13 08:15:00,2,8,338.06,1,36.46,5789.2,0.0044,5.92
2024-11-13 09:00:00,2,9,552.93,1,36.78,4428.12,0.0044,5.97
2024-11-13 09:45:00,2,9,501.28,0,0,2000,0.0,0.0
2024-11-13 10:30:00,2,10,603.14,1,28.14,4254.14,0.0034,4.57
2024-11-13 11:15:00,2,11,1000,1,18.45,4847.85,0.0022,2.99
2024-11-13 12:00:00,2,12,729.38,0,0,2000,0.0,0.0
2024-11-13 12:45:00,2,12,1000,0,0,2000,0.0,0.0
2024-11-13 13:30:00,2,13,729.46,1,31.11,4327.7,0.0037,5.05
2024-11-13 14:15:00,2,14,649.67,1,31.51,4454.27,0.0038,5.11
2024-11-13 15:00:00,2,15,427.05,0,0,2000,0.0,0.0
2024-11-13 15:45:00,2,15,489.06,1,39.97,4818.77,0.0048,6.48
2024-11-13 16:30:00,2,16,280.68,1,80.69,4191.22,0.0097,13.09
2024-11-13 17:15:00,2,17,95.77,0,0,2000,0.0,0.0
2024-11-13 18:00:00,2,18,48.87,0,0,2000,0.0,0.0
2024-11-13 18:45:00,2,18,39.86,1,63.53,2114.84,0.0076,15.46
2024-11-13 19:30:00,2,19,33.9,1,57.52,2447.98,0.0069,14.0
2024-11-13 20:15:00,2,20,14.55,0,0,2000,0.0,0.0
2024-11-13 21:00:00,2,21,19.37,1,63.8,2830.31,0.0077,15.53
2024-11-13 21:45:00,2,21,37.82,1,78.15,2702.42,0.0094,19.02
2024-11-13 22:30:00,2,22,16.2,0,0,2000,0.0,0.0
2024-11-13 23:15:00,2,23,17.02,0,0,2000,0.0,0.0
2024-11-14 00:00:00,3,0,15.64,0,0,2000,0.0,0.0
2024-11-14 00:45:00,3,0,20.19,0,0,2000,0.0,0.0
2024-11-14 01:30:00,3,1,35.62,0,0,2000,0.0,0.0
2024-11-14 02:15:00,3,2,9.55,0,0,2000,0.0,0.0
2024-11-14 03:00:00,3,3,13.34,0,0,2000,0.0,0.0
2024-11-14 03:45:00,3,3,17.5,0,0,2000,0.0,0.0
2024-11-14 04:30:00,3,4,22.74,0,0,2000,0.0,0.0
2024-11-14 05:15:00,3,5,17.47,1,88.55,4460.23,0.0106,14.37
2024-11-14 06:00:00,3,6,69.14,0,0,2000,0.0,0.0
2024-11-14 06:45:00,3,6,76.86,0,0,2000,0.0,0.0
2024-11-14 07:30:00,3,7,182.56,0,0,2000,0.0,0.0
2024-11-14 08:15:00,3,8,407.53,1,63.73,5625.77,0.0076,10.34
2024-11-14 09:00:00,3,9,424.84,1,36.73,4764.05,0.0044,5.96
2024-11-14 09:45:00,3,9,523.33,1,54.75,4419.22,0.0066,8.88
2024-11-14 10:30:00,3,10,602.86,1,18.05,4638.49,0.0022,2.93
2024-11-14 11:15:00,3,11,949.33,1,21.56,4440.69,0.0026,3.5
2024-11-14 12:00:00,3,12,897.09,1,30.81,4776.69,0.0037,5.0
2024-11-14 12:45:00,3,12,897.5,1,26.09,4911.91,0.0031,4.23
2024-11-14 13:30:00,3,13,688.9,1,25.01,4895.33,0.003,4.06
2024-11-14 14:15:00,3,14,736.73,1,22.18,4305.37,0.0027,3.6
2024-11-14 15:00:00,3,15,503.54,0,0,2000,0.0,0.0
2024-11-14 15:45:00,3,15,342.55,0,0,2000,0.0,0.0
2024-11-14 16:30:00,3,16,227.45,1,66.66,3975.32,0.008,10.82
2024-11-14 17:15:00,3,17,94.59,0,0,2000,0.0,0.0
2024-11-14 18:00:00,3,18,52.42,0,0,2000,0.0,0.0
2024-11-14 18:45:00,3,18,44.41,0,0,2000,0.0,0.0
2024-11-14 19:30:00,3,19,22.18,0,0,2000,0.0,0.0
2024-11-14 20:15:00,3,20,8.59,1,52.58,2019.62,0.0063,12.8
2024-11-14 21:00:00,3,21,13.37,0,0,2000,0.0,0.0
2024-11-14 21:45:00,3,21,10.04,1,73.51,2056.25,0.0088,17.89
2024-11-14 22:30:00,3,22,21.53,0,0,2000,0.0,0.0
2024-11-14 23:15:00,3,23,18.2,1,79.28,2977.66,0.0095,12.86
2024-11-15 00:00:00,4,0,16.26,0,0,2000,0.0,0.0
2024-11-15 00:45:00,4,0,10.15,0,0,2000,0.0,0.0
2024-11-15 01:30:00,4,1,37.54,0,0,2000,0.0,0.0
2024-11-15 02:15:00,4,2,14.21,0,0,2000,0.0,0.0
2024-11-15 03:00:00,4,3,24.45,0,0,2000,0.0,0.0
2024-11-15 03:45:00,4,3,36.02,0,0,2000,0.0,0.0
2024-11-15 04:30:00,4,4,5.67,0,0,2000,0.0,0.0
2024-11-15 05:15:00,4,5,28.67,1,83.24,4097.28,0.01,13.5
2024-11-15 06:00:00,4,6,62.56,0,0,2000,0.0,0.0
2024-11-15 06:45:00,4,6,84.88,0,0,2000,0.0,0.0
2024-11-15 07:30:00,4,7,121.31,0,0,2000,0.0,0.0
2024-11-15 08:15:00,4,8,310.39,1,62.74,5544.11,0.0075,10.18
2024-11-15 09:00:00,4,9,494.65,1,45.65,4704.07,0.0055,7.41
2024-11-15 09:45:00,4,9,626.49,1,25.91,4526.96,0.0031,4.2
2024-11-15 10:30:00,4,10,838.75,1,32.51,4968.94,0.0039,5.27
2024-11-15 11:15:00,4,11,940.88,1,29.81,4737.53,0.0036,4.84
2024-11-15 12:00:00,4,12,892.3,0,0,2000,0.0,0.0
2024-11-15 12:45:00,4,12,796.64,1,30.38,4592.61,0.0036,4.93
2024-11-15 13:30:00,4,13,983.9,1,28.3,4435.51,0.0034,4.59
2024-11-15 14:15:00,4,14,729.4,0,0,2000,0.0,0.0
2024-11-15 15:00:00,4,15,396.96,0,0,2000,0.0,0.0
2024-11-15 15:45:00,4,15,477.65,1,47.09,4527.88,0.0057,7.64
2024-11-15 16:30:00,4,16,255.87,1,97.12,3976.91,0.0117,15.76
2024-11-15 17:15:00,4,17,125.82,1,58.52,3915.94,0.007,14.24
2024-11-15 18:00:00,4,18,42.93,0,0,2000,0.0,0.0
2024-11-15 18:45:00,4,18,40.48,1,62.18,2436.36,0.0075,15.13
2024-11-15 19:30:00,4,19,16.41,0,0,2000,0.0,0.0
2024-11-15 20:15:00,4,20,15.68,0,0,2000,0.0,0.0
2024-11-15 21:00:00,4,21,5.92,0,0,2000,0.0,0.0
2024-11-15 21:45:00,4,21,35.94,0,0,2000,0.0,0.0
2024-11-15 22:30:00,4,22,21.18,0,0,2000,0.0,0.0
2024-11-15 23:15:00,4,23,30.5,0,0,2000,0.0,0.0
2024-11-16 00:00:00,5,0,24.73,0,0,2000,0.0,0.0
2024-11-16 00:45:00,5,0,12.19,0,0,2000,0.0,0.0
2024-11-16 01:30:00,5,1,28.88,0,0,2000,0.0,0.0
2024-11-16 02:15:00,5,2,14.91,0,0,2000,0.0,0.0
2024-11-16 03:00:00,5,3,36.54,0,0,2000,0.0,0.0
2024-11-16 03:45:00,5,3,29.0,0,0,2000,0.0,0.0
2024-11-16 04:30:00,5,4,23.91,0,0,2000,0.0,0.0
2024-11-16 05:15:00,5,5,23.89,1,92.56,4154.46,0.0111,15.02
2024-11-16 06:00:00,5,6,83.74,0,0,2000,0.0,0.0
2024-11-16 06:45:00,5,6,76.73,0,0,2000,0.0,0.0
2024-11-16 07:30:00,5,7,138.05,0,0,2000,0.0,0.0
2024-11-16 08:15:00,5,8,260.44,1,91.32,6134.13,0.011,14.82
2024-11-16 09:00:00,5,9,554.64,0,0,2000,0.0,0.0
2024-11-16 09:45:00,5,9,455.8,0,0,2000,0.0,0.0
2024-11-16 10:30:00,5,10,534.24,1,41.94,4327.38,0.005,6.8
2024-11-16 11:15:00,5,11,719.5,1,33.81,4762.15,0.0041,5.49
2024-11-16 12:00:00,5,12,1000,1,25.78,4354.85,0.0031,4.18
2024-11-16 12:45:00,5,12,945.81,0,0,2000,0.0,0.0
2024-11-16 13:30:00,5,13,631.45,0,0,2000,0.0,0.0
2024-11-16 14:15:00,5,14,751.27,1,28.8,4241.79,0.0035,4.67
2024-11-16 15:00:00,5,15,439.37,0,0,2000,0.0,0.0
2024-11-16 15:45:00,5,15,547.58,0,0,2000,0.0,0.0
2024-11-16 16:30:00,5,16,264.21,0,0,2000,0.0,0.0
2024-11-16 17:15:00,5,17,115.32,0,0,2000,0.0,0.0
2024-11-16 18:00:00,5,18,48.59,1,72.9,2570.7,0.0087,17.74
2024-11-16 18:45:00,5,18,40.71,1,73.58,2252.74,0.0088,17.91
2024-11-16 19:30:00,5,19,5.43,0,0,2000,0.0,0.0
2024-11-16 20:15:00,5,20,39.34,0,0,2000,0.0,0.0
2024-11-16 21:00:00,5,21,13.04,0,0,2000,0.0,0.0
2024-11-16 21:45:00,5,21,33.15,0,0,2000,0.0,0.0
2024-11-16 22:30:00,5,22,35.96,0,0,2000,0.0,0.0
2024-11-16 23:15:00,5,23,10.58,0,0,2000,0.0,0.0
2024-11-17 00:00:00,6,0,5.61,1,68.68,2222.4,0.0082,11.14
2024-11-17 00:45:00,6,0,7.63,1,82.34,2313.75,0.0099,13.36
2024-11-17 01:30:00,6,1,24.7,0,0,2000,0.0,0.0
2024-11-17 02:15:00,6,2,22.77,0,0,2000,0.0,0.0
2024-11-17 03:00:00,6,3,15.13,0,0,2000,0.0,0.0
2024-11-17 03:45:00,6,3,21.96,0,0,2000,0.0,0.0
2024-11-17 04:30:00,6,4,23.43,0,0,2000,0.0,0.0
2024-11-17 05:15:00,6,5,9.52,0,0,2000,0.0,0.0
2024-11-17 06:00:00,6,6,70.53,0,0,2000,0.0,0.0
2024-11-17 06:45:00,6,6,60.14,1,66.82,6339.35,0.008,10.84
2024-11-17 07:30:00,6,7,174.44,0,0,2000,0.0,0.0
2024-11-17 08:15:00,6,8,330.78,0,0,2000,0.0,0.0
2024-11-17 09:00:00,6,9,470.41,0,0,2000,0.0,0.0
2024-11-17 09:45:00,6,9,602.26,0,0,2000,0.0,0.0
2024-11-17 10:30:00,6,10,802.11,0,0,2000,0.0,0.0
2024-11-17 11:15:00,6,11,946.3,1,19.21,4682.81,0.0023,3.12
2024-11-17 12:00:00,6,12,1000,1,21.11,4866.24,0.0025,3.42
2024-11-17 12:45:00,6,12,958.58,1,15.45,4930.96,0.0019,2.51
2024-11-17 13:30:00,6,13,944.45,0,0,2000,0.0,0.0
2024-11-17 14:15:00,6,14,767.99,1,25.19,4504.39,0.003,4.09
2024-11-17 15:00:00,6,15,463.41,0,0,2000,0.0,0.0
2024-11-17 15:45:00,6,15,462.02,1,54.09,4793.25,0.0065,8.78
2024-11-17 16:30:00,6,16,246.17,0,0,2000,0.0,0.0
2024-11-17 17:15:00,6,17,96.39,1,69.24,3936.25,0.0083,16.85
2024-11-17 18:00:00,6,18,47.49,0,0,2000,0.0,0.0
2024-11-17 18:45:00,6,18,36.45,0,0,2000,0.0,0.0
2024-11-17 19:30:00,6,19,17.94,1,61.29,2452.63,0.0074,14.92
2024-11-17 20:15:00,6,20,14.17,0,0,2000,0.0,0.0
2024-11-17 21:00:00,6,21,33.49,0,0,2000,0.0,0.0
2024-11-17 21:45:00,6,21,31.54,1,60.57,2771.29,0.0073,14.74
2024-11-17 22:30:00,6,22,34.33,0,0,2000,0.0,0.0
2024-11-17 23:15:00,6,23,26.39,1,71.75,2325.46,0.0086,11.64
2024-11-18 00:00:00,0,0,17.54,0,0,2000,0.0,0.0
2024-11-18 00:45:00,0,0,10.97,0,0,2000,0.0,0.0
2024-11-18 01:30:00,0,1,23.27,0,0,2000,0.0,0.0
2024-11-18 02:15:00,0,2,12.29,0,0,2000,0.0,0.0
2024-11-18 03:00:00,0,3,11.8,0,0,2000,0.0,0.0
2024-11-18 03:45:00,0,3,35.84,0,0,2000,0.0,0.0
2024-11-18 04:30:00,0,4,35.15,0,0,2000,0.0,0.0
2024-11-18 05:15:00,0,5,32.35,0,0,2000,0.0,0.0
2024-11-18 06:00:00,0,6,87.19,0,0,2000,0.0,0.0
2024-11-18 06:45:00,0,6,67.57,1,98.05,6367.98,0.0118,15.91
2024-11-18 07:30:00,0,7,154.95,1,65.6,5130.59,0.0079,10.64
2024-11-18 08:15:00,0,8,353.74,1,44.65,5339.25,0.0054,7.24
2024-11-18 09:00:00,0,9,490.55,1,62.74,4701.79,0.0075,10.18
2024-11-18 09:45:00,0,9,473.01,1,53.72,4249.08,0.0064,8.72
2024-11-18 10:30:00,0,10,758.91,1,18.84,4235.15,0.0023,3.06
2024-11-18 11:15:00,0,11,1000,0,0,2000,0.0,0.0
2024-11-18 12:00:00,0,12,977.4,1,16.66,4624.11,0.002,2.7
2024-11-18 12:45:00,0,12,805.35,1,15.95,4633.54,0.0019,2.59
2024-11-18 13:30:00,0,13,699.88,1,26.1,4758.0,0.0031,4.23
2024-11-18 14:15:00,0,14,800.39,0,0,2000,0.0,0.0
2024-11-18 15:00:00,0,15,497.0,1,63.37,4764.42,0.0076,10.28
2024-11-18 15:45:00,0,15,441.46,1,60.98,4718.97,0.0073,9.89
2024-11-18 16:30:00,0,16,193.1,1,88.25,3876.18,0.0106,14.32
2024-11-18 17:15:00,0,17,97.55,0,0,2000,0.0,0.0
2024-11-18 18:00:00,0,18,46.44,0,0,2000,0.0,0.0
2024-11-18 18:45:00,0,18,51.14,0,0,2000,0.0,0.0
2024-11-18 19:30:00,0,19,12.95,1,54.55,2129.07,0.0065,13.28
2024-11-18 20:15:00,0,20,30.3,0,0,2000,0.0,0.0
2024-11-18 21:00:00,0,21,6.18,1,52.58,2585.67,0.0063,12.79
2024-11-18 21:45:00,0,21,22.85,0,0,2000,0.0,0.0
2024-11-18 22:30:00,0,22,6.58,0,0,2000,0.0,0.0
2024-11-18 23:15:00,0,23,15.13,0,0,2000,0.0,0.0
2024-11-19 00:00:00,1,0,5.91,0,0,2000,0.0,0.0
2024-11-19 00:45:00,1,0,21.35,0,0,2000,0.0,0.0
2024-11-19 01:30:00,1,1,5.06,1,87.16,2343.36,0.0105,14.14
2024-11-19 02:15:00,1,2,33.35,0,0,2000,0.0,0.0
2024-11-19 03:00:00,1,3,9.73,0,0,2000,0.0,0.0
2024-11-19 03:45:00,1,3,37.94,0,0,2000,0.0,0.0
2024-11-19 04:30:00,1,4,27.8,0,0,2000,0.0,0.0
2024-11-19 05:15:00,1,5,21.0,1,72.19,4484.05,0.0087,11.71
2024-11-19 06:00:00,1,6,54.25,0,0,2000,0.0,0.0
2024-11-19 06:45:00,1,6,58.86,0,0,2000,0.0,0.0
2024-11-19 07:30:00,1,7,204.59,1,98.33,6205.84,0.0118,15.95
2024-11-19 08:15:00,1,8,289.83,1,77.8,5324.56,0.0093,12.62
2024-11-19 09:00:00,1,9,462.84,1,47.07,4569.34,0.0056,7.64
2024-11-19 09:45:00,1,9,484.77,1,63.92,4415.11,0.0077,10.37
2024-11-19 10:30:00,1,10,655.71,1,15.0,4350.26,0.0018,2.43
2024-11-19 11:15:00,1,11,909.62,1,18.27,4455.46,0.0022,2.96
2024-11-19 12:00:00,1,12,955.52,0,0,2000,0.0,0.0
2024-11-19 12:45:00,1,12,887.15,1,31.97,4696.04,0.0038,5.19
2024-11-19 13:30:00,1,13,712.27,1,27.85,4309.46,0.0033,4.52
2024-11-19 14:15:00,1,14,734.09,1,15.71,4202.75,0.0019,2.55
2024-11-19 15:00:00,1,15,501.09,0,0,2000,0.0,0.0
2024-11-19 15:45:00,1,15,366.11,0,0,2000,0.0,0.0
2024-11-19 16:30:00,1,16,213.18,1,74.31,3746.09,0.0089,12.06
2024-11-19 17:15:00,1,17,92.42,0,0,2000,0.0,0.0
2024-11-19 18:00:00,1,18,54.4,1,70.22,2940.06,0.0084,17.09
2024-11-19 18:45:00,1,18,40.74,1,76.09,2673.3,0.0091,18.52
2024-11-19 19:30:00,1,19,20.29,1,59.74,2516.89,0.0072,14.54
2024-11-19 20:15:00,1,20,17.88,0,0,2000,0.0,0.0
2024-11-19 21:00:00,1,21,18.53,0,0,2000,0.0,0.0
2024-11-19 21:45:00,1,21,34.35,0,0,2000,0.0,0.0
2024-11-19 22:30:00,1,22,15.68,0,0,2000,0.0,0.0
2024-11-19 23:15:00,1,23,23.64,0,0,2000,0.0,0.0
2024-11-20 00:00:00,2,0,35.02,0,0,2000,0.0,0.0
2024-11-20 00:45:00,2,0,37.59,1,65.42,2383.96,0.0079,10.61
2024-11-20 01:30:00,2,1,25.35,0,0,2000,0.0,0.0
2024-11-20 02:15:00,2,2,39.72,0,0,2000,0.0,0.0
2024-11-20 03:00:00,2,3,24.1,0,0,2000,0.0,0.0
2024-11-20 03:45:00,2,3,17.27,0,0,2000,0.0,0.0
2024-11-20 04:30:00,2,4,37.89,0,0,2000,0.0,0.0
2024-11-20 05:15:00,2,5,8.51,0,0,2000,0.0,0.0
2024-11-20 06:00:00,2,6,57.18,0,0,2000,0.0,0.0
2024-11-20 06:45:00,2,6,70.14,0,0,2000,0.0,0.0
2024-11-20 07:30:00,2,7,206.17,0,0,2000,0.0,0.0
2024-11-20 08:15:00,2,8,256.58,0,0,2000,0.0,0.0
2024-11-20 09:00:00,2,9,425.67,1,49.11,4292.92,0.0059,7.97
2024-11-20 09:45:00,2,9,571.83,1,50.85,4332.78,0.0061,8.25
2024-11-20 10:30:00,2,10,899.13,1,32.67,4739.82,0.0039,5.3
2024-11-20 11:15:00,2,11,1000,1,22.42,4801.15,0.0027,3.64
2024-11-20 12:00:00,2,12,761.75,0,0,2000,0.0,0.0
2024-11-20 12:45:00,2,12,1000,1,18.34,4358.71,0.0022,2.98
2024-11-20 13:30:00,2,13,828.24,1,16.6,4699.49,0.002,2.69
2024-11-20 14:15:00,2,14,628.39,1,25.16,4764.76,0.003,4.08
2024-11-20 15:00:00,2,15,368.35,1,63.29,4811.87,0.0076,10.27
2024-11-20 15:45:00,2,15,394.04,0,0,2000,0.0,0.0
2024-11-20 16:30:00,2,16,206.77,1,66.29,3769.68,0.008,10.76
2024-11-20 17:15:00,2,17,139.6,1,58.14,3719.38,0.007,14.15
2024-11-20 18:00:00,2,18,33.77,0,0,2000,0.0,0.0
2024-11-20 18:45:00,2,18,46.93,0,0,2000,0.0,0.0
2024-11-20 19:30:00,2,19,10.06,0,0,2000,0.0,0.0
2024-11-20 20:15:00,2,20,18.82,0,0,2000,0.0,0.0
2024-11-20 21:00:00,2,21,13.21,0,0,2000,0.0,0.0
2024-11-20 21:45:00,2,21,29.76,1,79.55,2961.53,0.0095,19.36
2024-11-20 22:30:00,2,22,37.5,1,60.98,2558.5,0.0073,14.84
2024-11-20 23:15:00,2,23,14.19,0,0,2000,0.0,0.0
2024-11-21 00:00:00,3,0,23.22,0,0,2000,0.0,0.0
2024-11-21 00:45:00,3,0,14.84,0,0,2000,0.0,0.0
2024-11-21 01:30:00,3,1,27.82,0,0,2000,0.0,0.0
2024-11-21 02:15:00,3,2,31.77,0,0,2000,0.0,0.0
2024-11-21 03:00:00,3,3,18.77,0,0,2000,0.0,0.0
2024-11-21 03:45:00,3,3,25.92,1,95.07,2115.66,0.0114,15.42
2024-11-21 04:30:00,3,4,27.35,0,0,2000,0.0,0.0
2024-11-21 05:15:00,3,5,31.97,1,76.08,4364.06,0.0091,12.34
2024-11-21 06:00:00,3,6,52.93,1,69.9,5743.47,0.0084,11.34
2024-11-21 06:45:00,3,6,80.33,0,0,2000,0.0,0.0
2024-11-21 07:30:00,3,7,158.39,1,71.82,6398.51,0.0086,11.65
2024-11-21 08:15:00,3,8,262.74,1,75.47,5258.86,0.0091,12.24
2024-11-21 09:00:00,3,9,541.65,1,59.94,4385.34,0.0072,9.73
2024-11-21 09:45:00,3,9,442.3,1,62.84,4220.85,0.0075,10.2
2024-11-21 10:30:00,3,10,760.82,1,26.71,4606.9,0.0032,4.33
2024-11-21 11:15:00,3,11,646.37,1,17.93,4844.13,0.0022,2.91
2024-11-21 12:00:00,3,12,956.47,0,0,2000,0.0,0.0
2024-11-21 12:45:00,3,12,1000,0,0,2000,0.0,0.0
2024-11-21 13:30:00,3,13,1000,1,17.02,4218.87,0.002,2.76
2024-11-21 14:15:00,3,14,673.56,1,17.81,4854.55,0.0021,2.89
2024-11-21 15:00:00,3,15,520.42,0,0,2000,0.0,0.0
2024-11-21 15:45:00,3,15,437.59,0,0,2000,0.0,0.0
2024-11-21 16:30:00,3,16,269.2,1,93.71,3571.32,0.0112,15.2
2024-11-21 17:15:00,3,17,83.49,1,71.35,3649.34,0.0086,17.36
2024-11-21 18:00:00,3,18,50.57,1,74.97,2478.88,0.009,18.25
2024-11-21 18:45:00,3,18,32.32,1,73.59,2969.93,0.0088,17.91
2024-11-21 19:30:00,3,19,10.67,0,0,2000,0.0,0.0
2024-11-21 20:15:00,3,20,18.9,0,0,2000,0.0,0.0
2024-11-21 21:00:00,3,21,37.94,0,0,2000,0.0,0.0
2024-11-21 21:45:00,3,21,15.03,0,0,2000,0.0,0.0
2024-11-21 22:30:00,3,22,8.3,1,52.79,2987.85,0.0063,12.85
2024-11-21 23:15:00,3,23,12.71,0,0,2000,0.0,0.0
2024-11-22 00:00:00,4,0,16.86,0,0,2000,0.0,0.0
2024-11-22 00:45:00,4,0,21.02,0,0,2000,0.0,0.0
2024-11-22 01:30:00,4,1,5.45,0,0,2000,0.0,0.0
2024-11-22 02:15:00,4,2,24.35,0,0,2000,0.0,0.0
2024-11-22 03:00:00,4,3,10.71,0,0,2000,0.0,0.0
2024-11-22 03:45:00,4,3,29.19,0,0,2000,0.0,0.0
2024-11-22 04:30:00,4,4,36.41,0,0,2000,0.0,0.0
2024-11-22 05:15:00,4,5,15.81,1,81.95,4656.45,0.0098,13.3
2024-11-22 06:00:00,4,6,48.43,0,0,2000,0.0,0.0
2024-11-22 06:45:00,4,6,65.99,0,0,2000,0.0,0.0
2024-11-22 07:30:00,4,7,169.39,1,91.07,6446.49,0.0109,14.78
2024-11-22 08:15:00,4,8,327.57,1,62.91,6313.22,0.0075,10.21
2024-11-22 09:00:00,4,9,417.14,1,41.22,4860.79,0.0049,6.69
2024-11-22 09:45:00,4,9,425.34,1,46.94,4358.82,0.0056,7.62
2024-11-22 10:30:00,4,10,671.67,1,25.52,4539.94,0.0031,4.14
2024-11-22 11:15:00,4,11,963.81,1,18.2,4536.41,0.0022,2.95
2024-11-22 12:00:00,4,12,1000,0,0,2000,0.0,0.0
2024-11-22 12:45:00,4,12,965.17,1,33.5,4334.95,0.004,5.44
2024-11-22 13:30:00,4,13,782.69,1,32.55,4792.14,0.0039,5.28
2024-11-22 14:15:00,4,14,586.86,1,43.42,4953.0,0.0052,7.04
2024-11-22 15:00:00,4,15,444.89,0,0,2000,0.0,0.0
2024-11-22 15:45:00,4,15,322.25,1,40.82,4935.96,0.0049,6.62
2024-11-22 16:30:00,4,16,172.77,0,0,2000,0.0,0.0
2024-11-22 17:15:00,4,17,117.85,0,0,2000,0.0,0.0
2024-11-22 18:00:00,4,18,43.0,1,74.07,2869.08,0.0089,18.03
2024-11-22 18:45:00,4,18,45.22,0,0,2000,0.0,0.0
2024-11-22 19:30:00,4,19,39.53,0,0,2000,0.0,0.0
2024-11-22 20:15:00,4,20,37.73,1,54.87,2908.79,0.0066,13.35
2024-11-22 21:00:00,4,21,17.31,0,0,2000,0.0,0.0
2024-11-22 21:45:00,4,21,17.4,1,77.72,2897.28,0.0093,18.91
2024-11-22 22:30:00,4,22,37.09,0,0,2000,0.0,0.0
2024-11-22 23:15:00,4,23,13.46,0,0,2000,0.0,0.0
2024-11-23 00:00:00,5,0,20.74,0,0,2000,0.0,0.0
2024-11-23 00:45:00,5,0,37.0,1,90.53,2146.56,0.0109,14.69
2024-11-23 01:30:00,5,1,6.06,1,94.08,2418.93,0.0113,15.26
2024-11-23 02:15:00,5,2,31.34,0,0,2000,0.0,0.0
2024-11-23 03:00:00,5,3,26.79,0,0,2000,0.0,0.0
2024-11-23 03:45:00,5,3,34.17,0,0,2000,0.0,0.0
2024-11-23 04:30:00,5,4,6.96,0,0,2000,0.0,0.0
2024-11-23 05:15:00,5,5,14.89,0,0,2000,0.0,0.0
2024-11-23 06:00:00,5,6,72.17,0,0,2000,0.0,0.0
2024-11-23 06:45:00,5,6,60.67,0,0,2000,0.0,0.0
2024-11-23 07:30:00,5,7,155.63,0,0,2000,0.0,0.0
2024-11-23 08:15:00,5,8,264.26,0,0,2000,0.0,0.0
2024-11-23 09:00:00,5,9,611.74,1,16.61,4470.63,0.002,2.7
2024-11-23 09:45:00,5,9,476.85,1,58.69,4345.61,0.007,9.52
2024-11-23 10:30:00,5,10,756.31,0,0,2000,0.0,0.0
2024-11-23 11:15:00,5,11,925.46,1,18.69,4764.56,0.0022,3.03
2024-11-23 12:00:00,5,12,1000,0,0,2000,0.0,0.0
2024-11-23 12:45:00,5,12,1000,1,27.67,4261.73,0.0033,4.49
2024-11-23 13:30:00,5,13,776.03,1,33.98,4361.42,0.0041,5.51
2024-11-23 14:15:00,5,14,478.59,1,41.75,4239.49,0.005,6.77
2024-11-23 15:00:00,5,15,321.48,0,0,2000,0.0,0.0
2024-11-23 15:45:00,5,15,410.54,1,62.58,4904.88,0.0075,10.15
2024-11-23 16:30:00,5,16,223.51,0,0,2000,0.0,0.0
2024-11-23 17:15:00,5,17,80.07,1,74.79,3504.71,0.009,18.2
2024-11-23 18:00:00,5,18,39.08,1,76.5,2503.94,0.0092,18.62
2024-11-23 18:45:00,5,18,41.19,1,59.14,2389.72,0.0071,14.39
2024-11-23 19:30:00,5,19,35.23,0,0,2000,0.0,0.0
2024-11-23 20:15:00,5,20,36.75,1,53.97,2998.95,0.0065,13.13
2024-11-23 21:00:00,5,21,12.21,0,0,2000,0.0,0.0
2024-11-23 21:45:00,5,21,38.38,1,64.86,2738.98,0.0078,15.78
2024-11-23 22:30:00,5,22,15.18,0,0,2000,0.0,0.0
2024-11-23 23:15:00,5,23,25.31,1,76.36,2569.16,0.0092,12.39
2024-11-24 00:00:00,6,0,11.29,0,0,2000,0.0,0.0
2024-11-24 00:45:00,6,0,37.2,0,0,2000,0.0,0.0
2024-11-24 01:30:00,6,1,31.31,1,75.18,2104.6,0.009,12.2
2024-11-24 02:15:00,6,2,17.83,0,0,2000,0.0,0.0
2024-11-24 03:00:00,6,3,6.93,0,0,2000,0.0,0.0
2024-11-24 03:45:00,6,3,30.42,0,0,2000,0.0,0.0
2024-11-24 04:30:00,6,4,39.44,0,0,2000,0.0,0.0
2024-11-24 05:15:00,6,5,9.58,0,0,2000,0.0,0.0
2024-11-24 06:00:00,6,6,76.49,0,0,2000,0.0,0.0
2024-11-24 06:45:00,6,6,58.81,0,0,2000,0.0,0.0
2024-11-24 07:30:00,6,7,157.69,0,0,2000,0.0,0.0
2024-11-24 08:15:00,6,8,249.71,1,71.09,5127.75,0.0085,11.53
2024-11-24 09:00:00,6,9,595.54,1,38.37,4752.85,0.0046,6.23
2024-11-24 09:45:00,6,9,558.72,1,53.72,4998.43,0.0064,8.72
2024-11-24 10:30:00,6,10,692.37,1,26.23,4872.94,0.0031,4.25
2024-11-24 11:15:00,6,11,797.8,0,0,2000,0.0,0.0
2024-11-24 12:00:00,6,12,1000,1,16.98,4222.31,0.002,2.76
2024-11-24 12:45:00,6,12,968.47,1,21.34,4205.21,0.0026,3.46
2024-11-24 13:30:00,6,13,719.0,0,0,2000,0.0,0.0
2024-11-24 14:15:00,6,14,751.32,1,22.63,4597.87,0.0027,3.67
2024-11-24 15:00:00,6,15,354.01,0,0,2000,0.0,0.0
2024-11-24 15:45:00,6,15,477.03,0,0,2000,0.0,0.0
2024-11-24 16:30:00,6,16,245.28,0,0,2000,0.0,0.0
2024-11-24 17:15:00,6,17,93.05,0,0,2000,0.0,0.0
2024-11-24 18:00:00,6,18,49.52,1,58.97,2924.02,0.0071,14.35
2024-11-24 18:45:00,6,18,46.46,1,64.21,2770.66,0.0077,15.63
2024-11-24 19:30:00,6,19,28.25,0,0,2000,0.0,0.0
2024-11-24 20:15:00,6,20,34.95,0,0,2000,0.0,0.0
2024-11-24 21:00:00,6,21,39.0,0,0,2000,0.0,0.0
2024-11-24 21:45:00,6,21,30.05,0,0,2000,0.0,0.0
2024-11-24 22:30:00,6,22,11.76,1,56.17,2468.62,0.0067,13.67
2024-11-24 23:15:00,6,23,16.99,0,0,2000,0.0,0.0
2024-11-25 00:00:00,0,0,16.51,0,0,2000,0.0,0.0
2024-11-25 00:45:00,0,0,34.46,0,0,2000,0.0,0.0
2024-11-25 01:30:00,0,1,19.08,0,0,2000,0.0,0.0
2024-11-25 02:15:00,0,2,21.71,0,0,2000,0.0,0.0
2024-11-25 03:00:00,0,3,5.03,0,0,2000,0.0,0.0
2024-11-25 03:45:00,0,3,14.96,0,0,2000,0.0,0.0
2024-11-25 04:30:00,0,4,10.77,0,0,2000,0.0,0.0
2024-11-25 05:15:00,0,5,35.37,1,71.4,4613.75,0.0086,11.58
2024-11-25 06:00:00,0,6,81.16,1,93.04,6230.42,0.0112,15.09
2024-11-25 06:45:00,0,6,56.04,1,79.6,5335.77,0.0096,12.91
2024-11-25 07:30:00,0,7,170.26,1,89.01,6024.87,0.0107,14.44
2024-11-25 08:15:00,0,8,413.94,1,38.28,5050.88,0.0046,6.21
2024-11-25 09:00:00,0,9,412.04,1,57.22,4951.53,0.0069,9.28
2024-11-25 09:45:00,0,9,610.17,1,32.53,4949.61,0.0039,5.28
2024-11-25 10:30:00,0,10,836.82,1,16.84,4427.86,0.002,2.73
2024-11-25 11:15:00,0,11,1000,0,0,2000,0.0,0.0
2024-11-25 12:00:00,0,12,1000,0,0,2000,0.0,0.0
2024-11-25 12:45:00,0,12,1000,1,24.48,4743.49,0.0029,3.97
2024-11-25 13:30:00,0,13,872.56,1,24.42,4732.0,0.0029,3.96
2024-11-25 14:15:00,0,14,535.29,1,50.15,4940.18,0.006,8.14
2024-11-25 15:00:00,0,15,390.73,1,51.56,4877.36,0.0062,8.36
2024-11-25 15:45:00,0,15,400.39,1,37.91,4331.3,0.0045,6.15
2024-11-25 16:30:00,0,16,227.75,1,76.63,3526.95,0.0092,12.43
2024-11-25 17:15:00,0,17,104.98,1,78.42,4050.69,0.0094,19.08
2024-11-25 18:00:00,0,18,32.64,0,0,2000,0.0,0.0
2024-11-25 18:45:00,0,18,34.95,0,0,2000,0.0,0.0
2024-11-25 19:30:00,0,19,37.1,0,0,2000,0.0,0.0
2024-11-25 20:15:00,0,20,16.21,0,0,2000,0.0,0.0
2024-11-25 21:00:00,0,21,37.22,1,67.98,2322.0,0.0082,16.54
2024-11-25 21:45:00,0,21,15.26,0,0,2000,0.0,0.0
2024-11-25 22:30:00,0,22,23.66,0,0,2000,0.0,0.0
2024-11-25 23:15:00,0,23,29.31,0,0,2000,0.0,0.0
2024-11-26 00:00:00,1,0,5.97,0,0,2000,0.0,0.0
2024-11-26 00:45:00,1,0,8.92,0,0,2000,0.0,0.0
2024-11-26 01:30:00,1,1,16.91,0,0,2000,0.0,0.0
2024-11-26 02:15:00,1,2,15.16,0,0,2000,0.0,0.0
2024-11-26 03:00:00,1,3,30.89,0,0,2000,0.0,0.0
2024-11-26 03:45:00,1,3,19.9,1,69.84,2275.37,0.0084,11.33
2024-11-26 04:30:00,1,4,30.28,0,0,2000,0.0,0.0
2024-11-26 05:15:00,1,5,29.71,1,88.63,4346.29,0.0106,14.38
2024-11-26 06:00:00,1,6,86.39,1,86.37,6247.96,0.0104,14.01
2024-11-26 06:45:00,1,6,77.05,1,99.09,5944.99,0.0119,16.08
2024-11-26 07:30:00,1,7,192.16,1,84.29,5111.15,0.0101,13.67
2024-11-26 08:15:00,1,8,384.26,1,49.73,6258.79,0.006,8.07
2024-11-26 09:00:00,1,9,389.89,1,56.64,4997.8,0.0068,9.19
2024-11-26 09:45:00,1,9,508.69,1,38.97,4544.94,0.0047,6.32
2024-11-26 10:30:00,1,10,915.36,1,29.54,4398.01,0.0035,4.79
2024-11-26 11:15:00,1,11,1000,1,24.92,4568.57,0.003,4.04
2024-11-26 12:00:00,1,12,1000,0,0,2000,0.0,0.0
2024-11-26 12:45:00,1,12,1000,1,25.1,4871.31,0.003,4.07
2024-11-26 13:30:00,1,13,757.02,1,34.2,4894.98,0.0041,5.55
2024-11-26 14:15:00,1,14,677.83,0,0,2000,0.0,0.0
2024-11-26 15:00:00,1,15,330.5,1,38.08,4266.04,0.0046,6.18
2024-11-26 15:45:00,1,15,504.7,1,62.81,4384.42,0.0075,10.19
2024-11-26 16:30:00,1,16,213.86,1,77.03,3504.79,0.0092,12.5
2024-11-26 17:15:00,1,17,84.36,0,0,2000,0.0,0.0
2024-11-26 18:00:00,1,18,34.59,0,0,2000,0.0,0.0
2024-11-26 18:45:00,1,18,41.35,0,0,2000,0.0,0.0
2024-11-26 19:30:00,1,19,32.26,1,72.8,2386.85,0.0087,17.72
2024-11-26 20:15:00,1,20,31.23,0,0,2000,0.0,0.0
2024-11-26 21:00:00,1,21,5.3,0,0,2000,0.0,0.0
2024-11-26 21:45:00,1,21,26.76,0,0,2000,0.0,0.0
2024-11-26 22:30:00,1,22,38.96,0,0,2000,0.0,0.0
2024-11-26 23:15:00,1,23,27.06,1,79.25,2884.99,0.0095,12.86
2024-11-27 00:00:00,2,0,14.87,0,0,2000,0.0,0.0
2024-11-27 00:45:00,2,0,15.29,0,0,2000,0.0,0.0
2024-11-27 01:30:00,2,1,26.53,0,0,2000,0.0,0.0
2024-11-27 02:15:00,2,2,26.38,0,0,2000,0.0,0.0
2024-11-27 03:00:00,2,3,32.29,0,0,2000,0.0,0.0
2024-11-27 03:45:00,2,3,19.83,0,0,2000,0.0,0.0
2024-11-27 04:30:00,2,4,20.07,1,91.27,4006.65,0.011,14.81
2024-11-27 05:15:00,2,5,29.65,0,0,2000,0.0,0.0
2024-11-27 06:00:00,2,6,61.7,1,76.62,6295.59,0.0092,12.43
2024-11-27 06:45:00,2,6,65.68,0,0,2000,0.0,0.0
2024-11-27 07:30:00,2,7,197.83,1,81.54,5666.34,0.0098,13.23
2024-11-27 08:15:00,2,8,294.8,1,71.89,6261.34,0.0086,11.66
2024-11-27 09:00:00,2,9,479.3,1,36.48,4423.01,0.0044,5.92
2024-11-27 09:45:00,2,9,451.47,1,58.84,4877.1,0.0071,9.55
2024-11-27 10:30:00,2,10,555.22,1,48.62,4552.23,0.0058,7.89
2024-11-27 11:15:00,2,11,1000,1,26.89,4868.9,0.0032,4.36
2024-11-27 12:00:00,2,12,850.14,0,0,2000,0.0,0.0
2024-11-27 12:45:00,2,12,842.14,1,34.61,4571.03,0.0042,5.62
2024-11-27 13:30:00,2,13,782.0,1,24.63,4225.03,0.003,4.0
2024-11-27 14:15:00,2,14,857.22,0,0,2000,0.0,0.0
2024-11-27 15:00:00,2,15,360.51,0,0,2000,0.0,0.0
2024-11-27 15:45:00,2,15,441.28,1,45.74,4896.05,0.0055,7.42
2024-11-27 16:30:00,2,16,212.83,1,78.87,3662.73,0.0095,12.8
2024-11-27 17:15:00,2,17,91.16,1,78.98,4007.58,0.0095,19.22
2024-11-27 18:00:00,2,18,36.55,0,0,2000,0.0,0.0
2024-11-27 18:45:00,2,18,49.19,1,76.28,2078.74,0.0092,18.56
2024-11-27 19:30:00,2,19,27.85,1,64.1,2124.18,0.0077,15.6
2024-11-27 20:15:00,2,20,32.89,1,63.29,2659.88,0.0076,15.4
2024-11-27 21:00:00,2,21,23.13,0,0,2000,0.0,0.0
2024-11-27 21:45:00,2,21,18.06,0,0,2000,0.0,0.0
2024-11-27 22:30:00,2,22,13.67,0,0,2000,0.0,0.0
2024-11-27 23:15:00,2,23,25.64,0,0,2000,0.0,0.0
2024-11-28 00:00:00,3,0,24.7,0,0,2000,0.0,0.0
2024-11-28 00:45:00,3,0,39.1,0,0,2000,0.0,0.0
2024-11-28 01:30:00,3,1,14.45,0,0,2000,0.0,0.0
2024-11-28 02:15:00,3,2,30.0,0,0,2000,0.0,0.0
2024-11-28 03:00:00,3,3,6.32,0,0,2000,0.0,0.0
2024-11-28 03:45:00,3,3,13.53,0,0,2000,0.0,0.0
2024-11-28 04:30:00,3,4,22.79,0,0,2000,0.0,0.0
2024-11-28 05:15:00,3,5,35.78,0,0,2000,0.0,0.0
2024-11-28 06:00:00,3,6,66.55,1,82.26,6209.55,0.0099,13.35
2024-11-28 06:45:00,3,6,77.0,1,76.04,6435.12,0.0091,12.34
2024-11-28 07:30:00,3,7,172.76,0,0,2000,0.0,0.0
2024-11-28 08:15:00,3,8,338.5,1,63.8,6237.17,0.0077,10.35
2024-11-28 09:00:00,3,9,572.03,1,64.5,4235.21,0.0077,10.46
2024-11-28 09:45:00,3,9,690.62,1,30.14,4524.25,0.0036,4.89
2024-11-28 10:30:00,3,10,592.7,1,50.94,4537.16,0.0061,8.26
2024-11-28 11:15:00,3,11,1000,1,20.37,4762.9,0.0024,3.3
2024-11-28 12:00:00,3,12,835.34,0,0,2000,0.0,0.0
2024-11-28 12:45:00,3,12,821.05,1,16.47,4561.79,0.002,2.67
2024-11-28 13:30:00,3,13,758.18,1,18.37,4269.57,0.0022,2.98
2024-11-28 14:15:00,3,14,513.42,1,49.59,4861.88,0.006,8.05
2024-11-28 15:00:00,3,15,344.37,1,57.79,4526.41,0.0069,9.38
2024-11-28 15:45:00,3,15,340.29,0,0,2000,0.0,0.0
2024-11-28 16:30:00,3,16,232.43,1,65.49,4125.16,0.0079,10.63
2024-11-28 17:15:00,3,17,83.91,1,69.74,3550.07,0.0084,16.97
2024-11-28 18:00:00,3,18,40.38,1,76.89,2228.07,0.0092,18.71
2024-11-28 18:45:00,3,18,43.77,1,74.41,2840.36,0.0089,18.11
2024-11-28 19:30:00,3,19,39.3,0,0,2000,0.0,0.0
2024-11-28 20:15:00,3,20,19.57,0,0,2000,0.0,0.0
2024-11-28 21:00:00,3,21,29.16,1,63.69,2778.87,0.0076,15.5
2024-11-28 21:45:00,3,21,33.04,0,0,2000,0.0,0.0
2024-11-28 22:30:00,3,22,37.67,0,0,2000,0.0,0.0
2024-11-28 23:15:00,3,23,30.55,0,0,2000,0.0,0.0
2024-11-29 00:00:00,4,0,34.76,0,0,2000,0.0,0.0
2024-11-29 00:45:00,4,0,25.67,0,0,2000,0.0,0.0
2024-11-29 01:30:00,4,1,36.48,0,0,2000,0.0,0.0
2024-11-29 02:15:00,4,2,31.01,0,0,2000,0.0,0.0
2024-11-29 03:00:00,4,3,22.49,0,0,2000,0.0,0.0
2024-11-29 03:45:00,4,3,7.95,1,69.13,2200.52,0.0083,11.22
2024-11-29 04:30:00,4,4,34.2,1,84.07,4986.1,0.0101,13.64
2024-11-29 05:15:00,4,5,5.2,0,0,2000,0.0,0.0
2024-11-29 06:00:00,4,6,60.39,0,0,2000,0.0,0.0
2024-11-29 06:45:00,4,6,71.89,0,0,2000,0.0,0.0
2024-11-29 07:30:00,4,7,188.32,0,0,2000,0.0,0.0
2024-11-29 08:15:00,4,8,321.72,0,0,2000,0.0,0.0
2024-11-29 09:00:00,4,9,559.26,1,52.13,4261.91,0.0063,8.46
2024-11-29 09:45:00,4,9,537.9,1,53.35,4678.4,0.0064,8.66
2024-11-29 10:30:00,4,10,727.25,1,17.85,4794.79,0.0021,2.9
2024-11-29 11:15:00,4,11,1000,1,19.47,4791.73,0.0023,3.16
2024-11-29 12:00:00,4,12,1000,1,23.54,4391.96,0.0028,3.82
2024-11-29 12:45:00,4,12,776.81,1,22.29,4291.79,0.0027,3.62
2024-11-29 13:30:00,4,13,900.65,1,18.41,4533.29,0.0022,2.99
2024-11-29 14:15:00,4,14,716.74,1,28.79,4456.41,0.0035,4.67
2024-11-29 15:00:00,4,15,468.2,1,37.99,4251.89,0.0046,6.16
2024-11-29 15:45:00,4,15,376.79,1,44.59,4791.77,0.0054,7.23
2024-11-29 16:30:00,4,16,261.55,0,0,2000,0.0,0.0
2024-11-29 17:15:00,4,17,128.07,0,0,2000,0.0,0.0
2024-11-29 18:00:00,4,18,50.4,1,54.07,2764.79,0.0065,13.16
2024-11-29 18:45:00,4,18,39.7,1,66.73,2365.87,0.008,16.24
2024-11-29 19:30:00,4,19,17.08,0,0,2000,0.0,0.0
2024-11-29 20:15:00,4,20,19.83,1,74.26,2016.28,0.0089,18.07
2024-11-29 21:00:00,4,21,21.24,1,56.03,2110.18,0.0067,13.64
2024-11-29 21:45:00,4,21,18.54,0,0,2000,0.0,0.0
2024-11-29 22:30:00,4,22,10.64,0,0,2000,0.0,0.0
2024-11-29 23:15:00,4,23,15.1,0,0,2000,0.0,0.0
