Timestamp,Day_of_Week,Hour_of_Day,Ambient_Light_Level,Room_Occupied,Current_Lamp_Brightness,Current_Lamp_Color_Temp,Energy_Consumption
2024-10-01 00:00:00,1,0,0.0,1,31.391200239706635,4205.881348022713,0.31391200239706635
2024-10-01 00:45:00,1,0,0.0,1,52.92942587621617,4797.620401241167,0.5292942587621617
2024-10-01 01:30:00,1,1,27.303389675269347,0,0.0,2000.0,0.0
2024-10-01 02:15:00,1,2,192.3370668734721,1,27.09117014100551,4787.988517108832,0.20812974233540932
2024-10-01 03:00:00,1,3,86.8808713878927,0,0.0,2000.0,0.0
2024-10-01 03:45:00,1,3,201.23009391146013,0,0.0,2000.0,0.0
2024-10-01 04:30:00,1,4,203.2455133245714,0,0.0,2000.0,0.0
2024-10-01 05:15:00,1,5,364.8779896443561,0,0.0,2000.0,0.0
2024-10-01 06:00:00,1,6,505.4371118601934,1,67.02123518154734,6500.0,0.35058607786870716
2024-10-01 06:45:00,1,6,554.8754723645545,1,26.663271708752283,3241.190844929882,0.13486111776664161
2024-10-01 07:30:00,1,7,652.992167849539,1,56.58495019726728,4601.402304447299,0.27066701808910487
2024-10-01 08:15:00,1,8,559.1755611164764,1,33.638511080812734,3353.1392765876053,0.17937521906951598
2024-10-01 09:00:00,1,9,206.07862738755142,1,54.1624473209953,3020.602414531916,0.3827587526739014
2024-10-01 09:45:00,1,9,244.9230656973005,1,84.03834145013624,4611.25659602819,0.5810280222096459
2024-10-01 10:30:00,1,10,90.7911373047395,0,0.0,2000.0,0.0
2024-10-01 11:15:00,1,11,32.62969866388218,0,0.0,2000.0,0.0
2024-10-01 12:00:00,1,12,2.4653187024935794e-30,0,0.0,2000.0,0.0
2024-10-01 12:45:00,1,12,6.182316330514239e-30,0,0.0,2000.0,0.0
2024-10-01 13:30:00,1,13,29.731268794519394,1,28.17404954548894,2963.650969831834,0.2991029863017618
2024-10-01 14:15:00,1,14,177.68568065179016,1,32.99974598538733,5644.468215920159,0.34578148045314333
2024-10-01 15:00:00,1,15,215.96614812299282,1,81.77050448626278,4532.51454607843,0.8841372761658444
2024-10-01 15:45:00,1,15,328.5886730791961,0,0.0,2000.0,0.0
2024-10-01 16:30:00,1,16,274.40647323279705,1,61.98189632766495,3906.1074734914364,0.6737171422574506
2024-10-01 17:15:00,1,17,201.1891341840122,1,52.18731157646939,4278.119903750553,0.6053900954332653
2024-10-01 18:00:00,1,18,538.504545052122,1,34.5337411940562,5169.961800816994,0.3280608876834864
2024-10-01 18:45:00,1,18,601.2386380995023,1,35.060976840765534,3184.1526140137767,0.31877260814978153
2024-10-01 19:30:00,1,19,682.9425594031329,0,0.0,2000.0,0.0
2024-10-01 20:15:00,1,20,165.3178143934507,1,8.696587288262961,3861.9067592103665,0.10050413729244624
2024-10-01 21:00:00,1,21,265.8365642524919,1,27.79163578636894,3656.099854325314,0.2920949630544634
2024-10-01 21:45:00,1,21,178.35406457636432,1,30.97520331727138,4462.820718235265,0.34197792128022786
2024-10-01 22:30:00,1,22,111.31113265144904,0,0.0,2000.0,0.0
2024-10-01 23:15:00,1,23,28.62262581905568,0,0.0,2000.0,0.0
2024-10-02 00:00:00,2,0,0.0,0,0.0,2000.0,0.0
2024-10-02 00:45:00,2,0,0.0,1,30.329881595442735,5442.633952260804,0.30329881595442737
2024-10-02 01:30:00,2,1,19.55127645139241,1,84.81038336440344,4475.388460868898,0.7746051917622137
2024-10-02 02:15:00,2,2,85.76518114930617,1,24.855583306492694,5819.6502929775015,0.2022125477845626
2024-10-02 03:00:00,2,3,398.0796176600703,1,45.185771600142616,4602.226436421832,0.2851452076812854
2024-10-02 03:45:00,2,3,303.5175078973567,0,0.0,2000.0,0.0
2024-10-02 04:30:00,2,4,372.2886633224597,1,50.523459362481844,4158.78178540731,0.3043582519060605
2024-10-02 05:15:00,2,5,588.1321229743132,1,65.45606931134793,4804.1540647024985,0.32817708924320343
2024-10-02 06:00:00,2,6,797.1023287879005,1,27.56286687002552,3288.156551539,0.11604357929458987
2024-10-02 06:45:00,2,6,396.6845259219127,0,0.0,2000.0,0.0
2024-10-02 07:30:00,2,7,686.7952212663517,1,41.91471467367796,3342.0241272316243,0.19546240948585825
2024-10-02 08:15:00,2,8,374.0926181421845,1,51.048348016386576,4225.562691517939,0.3071794148435697
2024-10-02 09:00:00,2,9,207.6341327373938,1,34.08045255468946,5356.938618835991,0.24063315485011658
2024-10-02 09:45:00,2,9,122.19913143915156,1,54.25052729413403,2295.399837169598,0.40130719504176676
2024-10-02 10:30:00,2,10,128.4890060554796,0,0.0,2000.0,0.0
2024-10-02 11:15:00,2,11,40.68620484285406,0,0.0,2000.0,0.0
2024-10-02 12:00:00,2,12,7.82590475684999e-30,0,0.0,2000.0,0.0
2024-10-02 12:45:00,2,12,8.132798731874065e-30,0,0.0,2000.0,0.0
2024-10-02 13:30:00,2,13,24.435283855034708,0,0.0,2000.0,0.0
2024-10-02 14:15:00,2,14,0.0,0,0.0,2000.0,0.0
2024-10-02 15:00:00,2,15,170.07805815005733,1,62.41519918569985,4208.295370592492,0.6922179530006407
2024-10-02 15:45:00,2,15,315.6227130379463,0,0.0,2000.0,0.0
2024-10-02 16:30:00,2,16,182.7990555100679,1,35.50050417021707,2904.4850470648503,0.40636070986686545
2024-10-02 17:15:00,2,17,428.50127186741713,1,63.62938092447472,3088.0345710208276,0.6448468993819968
2024-10-02 18:00:00,2,18,432.311249985697,1,78.99556584019058,2892.7462293287244,0.8049629891464263
2024-10-02 18:45:00,2,18,562.3356108012111,0,0.0,2000.0,0.0
2024-10-02 19:30:00,2,19,244.21851550413177,0,0.0,2000.0,0.0
2024-10-02 20:15:00,2,20,0.0,1,86.38143398576119,4182.8911659862415,1.0882398885986049
2024-10-02 21:00:00,2,21,317.4390353654369,1,29.225657698583326,3795.2333386483547,0.29802660515963864
2024-10-02 21:45:00,2,21,444.88582406611965,0,0.0,2000.0,0.0
2024-10-02 22:30:00,2,22,106.14377646476531,1,61.527113299907775,3497.908724485434,0.6700101620253303
2024-10-02 23:15:00,2,23,34.89833005776318,0,0.0,2000.0,0.0
2024-10-03 00:00:00,3,0,0.0,1,20.256193789399365,3527.831264472852,0.20256193789399365
2024-10-03 00:45:00,3,0,0.0,0,0.0,2000.0,0.0
2024-10-03 01:30:00,3,1,28.072498135195687,0,0.0,2000.0,0.0
2024-10-03 02:15:00,3,2,108.73591185862611,1,55.89256083607769,3147.7094909218267,0.4492572706900057
2024-10-03 03:00:00,3,3,58.35922217223542,1,47.73195434391043,5740.729609981142,0.36509135369644874
2024-10-03 03:45:00,3,3,350.90850518368194,1,34.149917958389516,3622.490327742226,0.2218491982022712
2024-10-03 04:30:00,3,4,685.2398588345387,1,36.96198879785774,3587.938147567373,0.17985249791606805
2024-10-03 05:15:00,3,5,174.9349282391306,1,79.03092314969149,4147.719102970708,0.5122001342955236
2024-10-03 06:00:00,3,6,184.73049479924242,1,74.73337016831162,2017.0193556546537,0.4748142276059563
2024-10-03 06:45:00,3,6,404.2674350678371,1,77.49016847445326,5328.109136697421,0.43278754853867657
2024-10-03 07:30:00,3,7,441.25640450070574,0,0.0,2000.0,0.0
2024-10-03 08:15:00,3,8,479.8675059125561,1,51.60834700467772,4705.116460727519,0.29034610549421225
2024-10-03 09:00:00,3,9,341.0073525286277,1,76.5688345736375,5288.274090131593,0.5004030465886155
2024-10-03 09:45:00,3,9,203.92114153576279,0,0.0,2000.0,0.0
2024-10-03 10:30:00,3,10,173.00505232344082,0,0.0,2000.0,0.0
2024-10-03 11:15:00,3,11,61.0109289709881,1,27.110197124888717,4264.769045351976,0.24242411085561338
2024-10-03 12:00:00,3,12,5.363250593084204e-30,1,65.53814031657713,4408.258671513824,0.6553814031657713
2024-10-03 12:45:00,3,12,4.591603308147125e-30,1,49.24678456512269,4018.1500484225844,0.49246784565122687
2024-10-03 13:30:00,3,13,15.512628732753159,1,56.20459276187775,4075.2431439035595,0.600988490698581
2024-10-03 14:15:00,3,14,194.62244369885838,1,50.25544908779507,5571.277857938548,0.5216978442234044
2024-10-03 15:00:00,3,15,238.7561748918798,1,82.79602669265202,4437.5735814830605,0.8837896528643959
2024-10-03 15:45:00,3,15,396.9875196854007,1,82.80789035381942,3947.1790409998866,0.8045046477128511
2024-10-03 16:30:00,3,16,366.3029282482177,0,0.0,2000.0,0.0
2024-10-03 17:15:00,3,17,239.95024073775707,1,14.878988849911224,4301.377289317767,0.16888195536878306
2024-10-03 18:00:00,3,18,505.46860660234614,0,0.0,2000.0,0.0
2024-10-03 18:45:00,3,18,428.21043267757614,1,69.30999367594274,4399.833281355664,0.7081147123116948
2024-10-03 19:30:00,3,19,402.4313002034808,0,0.0,2000.0,0.0
2024-10-03 20:15:00,3,20,456.0279057884237,1,10.434205361817824,3704.551912700914,0.10147827175988527
2024-10-03 21:00:00,3,21,250.9928045617036,1,22.76074095278899,3168.5405813436482,0.24126700076173968
2024-10-03 21:45:00,3,21,228.34396876505983,1,44.64947410754503,3307.347584501731,0.4794194930752977
2024-10-03 22:30:00,3,22,130.07676318711634,1,86.48103523369893,2952.9874771403965,0.9298491596309824
2024-10-03 23:15:00,3,23,30.34798001637829,1,57.060166659219895,3577.4075497432386,0.6055758559579854
2024-10-04 00:00:00,4,0,0.0,1,71.69121167020246,4348.300882277999,0.7169121167020246
2024-10-04 00:45:00,4,0,0.0,0,0.0,2000.0,0.0
2024-10-04 01:30:00,4,1,22.43464880264921,0,0.0,2000.0,0.0
2024-10-04 02:15:00,4,2,165.93461069077958,1,21.293616265486328,3985.7036365138842,0.16597900957448145
2024-10-04 03:00:00,4,3,242.67858654269733,0,0.0,2000.0,0.0
2024-10-04 03:45:00,4,3,335.314683549834,1,58.48792277254905,3821.5826958973116,0.38354982878670735
2024-10-04 04:30:00,4,4,181.42196264212882,1,7.01012482683069,4408.656762201458,0.04718156115247315
2024-10-04 05:15:00,4,5,285.26177919154554,0,0.0,2000.0,0.0
2024-10-04 06:00:00,4,6,72.92822058087847,0,0.0,2000.0,0.0
2024-10-04 06:45:00,4,6,453.5726617467261,1,64.2054078039083,2486.365337017631,0.3475114926208236
2024-10-04 07:30:00,4,7,365.9511076180177,1,61.35198720456317,2292.5558746585175,0.3560065271738931
2024-10-04 08:15:00,4,8,265.4118867148065,1,74.6387245824655,4632.638683904977,0.4791540784704699
2024-10-04 09:00:00,4,9,194.16845737064693,1,71.94069176869122,3037.387654547052,0.5117705506093922
2024-10-04 09:45:00,4,9,157.79620210956116,1,24.210160556242254,4683.390901775649,0.17569475221932573
2024-10-04 10:30:00,4,10,90.24263993891769,1,27.54898805060948,5280.324160696164,0.22360050144051663
2024-10-04 11:15:00,4,11,37.4450248722679,0,0.0,2000.0,0.0
2024-10-04 12:00:00,4,12,1.136084109932118e-29,1,74.04395498936083,2092.2326651579815,0.7404395498936083
2024-10-04 12:45:00,4,12,5.9624263703182525e-30,0,0.0,2000.0,0.0
2024-10-04 13:30:00,4,13,46.97443685583898,1,31.641327770778062,4998.62279948658,0.33297270751249647
2024-10-04 14:15:00,4,14,101.60309308494699,1,60.75949707577556,3444.7143984231343,0.6632374375576074
2024-10-04 15:00:00,4,15,279.2397451203894,1,25.06707434358672,3441.861911775607,0.2614230930638119
2024-10-04 15:45:00,4,15,248.8915547578772,1,50.60464240137087,5345.960449678888,0.5370606536707802
2024-10-04 16:30:00,4,16,326.196111895679,0,0.0,2000.0,0.0
2024-10-04 17:15:00,4,17,264.6150692785803,1,70.2909216294448,4792.7379573198905,0.7866470961755633
2024-10-04 18:00:00,4,18,449.7467522986403,1,75.3639008825786,2000.0,0.7594153586672956
2024-10-04 18:45:00,4,18,420.18889652407074,1,78.84734547948577,3467.2796049096396,0.8096654271426125
2024-10-04 19:30:00,4,19,630.3396110091998,1,31.784229133776144,4471.4239395948,0.28074334049986427
2024-10-04 20:15:00,4,20,233.23061431332147,0,0.0,2000.0,0.0
2024-10-04 21:00:00,4,21,202.84662749775998,1,50.98919901998164,2666.8097071331213,0.5553710856508457
2024-10-04 21:45:00,4,21,24.409064002415317,0,0.0,2000.0,0.0
2024-10-04 22:30:00,4,22,55.871266086531506,1,37.049626091658176,4358.076028559306,0.4141681453268713
2024-10-04 23:15:00,4,23,49.81030034418612,1,62.02588035606207,4176.239695318542,0.6517721593633705
2024-10-05 00:00:00,5,0,0.0,0,0.0,2000.0,0.0
2024-10-05 00:45:00,5,0,0.0,0,0.0,2000.0,0.0
2024-10-05 01:30:00,5,1,21.768620160484673,1,28.26377431102344,5347.870196133573,0.25785467985513433
2024-10-05 02:15:00,5,2,78.15778852218217,1,51.87959729253017,3930.754490281951,0.42374369996283295
2024-10-05 03:00:00,5,3,516.0521650529926,1,60.43365292960847,4736.904489441221,0.3532815259243154
2024-10-05 03:45:00,5,3,222.27687781423955,1,49.442482234190095,2751.860413821055,0.34624844708319524
2024-10-05 04:30:00,5,4,102.04555580822644,1,54.51253815150974,5883.254981416689,0.38291008179324004
2024-10-05 05:15:00,5,5,331.4464410119381,1,99.13725664964878,4516.432794621119,0.5874099896398531
2024-10-05 06:00:00,5,6,725.1745283936658,1,57.523524976773814,5143.233614773638,0.25666359199941047
2024-10-05 06:45:00,5,6,259.52534053891475,1,68.80930250367537,3166.7976064349396,0.41916296569993716
2024-10-05 07:30:00,5,7,770.2503568782743,1,21.423460825066826,3145.650832722381,0.09355577793721769
2024-10-05 08:15:00,5,8,364.5830911332885,1,38.68537351287105,2342.6011338502285,0.23414769757748585
2024-10-05 09:00:00,5,9,153.85900469587816,0,0.0,2000.0,0.0
2024-10-05 09:45:00,5,9,324.5775174828524,0,0.0,2000.0,0.0
2024-10-05 10:30:00,5,10,94.01791160153805,0,0.0,2000.0,0.0
2024-10-05 11:15:00,5,11,38.374757688130536,1,58.87574272050375,5722.837154750349,0.5326233661186281
2024-10-05 12:00:00,5,12,8.653486765033371e-30,1,44.57533691962195,3835.190171760742,0.4457533691962195
2024-10-05 12:45:00,5,12,7.084561633336085e-30,0,0.0,2000.0,0.0
2024-10-05 13:30:00,5,13,28.407013935797167,1,46.62996712369842,5198.283984083079,0.49536849670208377
2024-10-05 14:15:00,5,14,149.73115973251507,1,50.73875684672477,3629.7432088280448,0.5398119595275692
2024-10-05 15:00:00,5,15,237.86071810291713,1,28.229172405160753,6067.845848490498,0.30147986496804763
2024-10-05 15:45:00,5,15,231.3766411040305,1,77.89914928709359,5942.72125867388,0.8350029403828861
2024-10-05 16:30:00,5,16,194.20185569434253,1,57.8127579862717,4421.098440542861,0.6576080578513118
2024-10-05 17:15:00,5,17,385.9729943197192,0,0.0,2000.0,0.0
2024-10-05 18:00:00,5,18,729.1813241634845,1,68.52022314300226,2984.9255762840085,0.5659990650769825
2024-10-05 18:45:00,5,18,517.3508992103142,1,66.99966633372615,4465.286027649331,0.6456904677789025
2024-10-05 19:30:00,5,19,667.7030951213208,1,56.68049662025965,4791.262320075623,0.4869894467615969
2024-10-05 20:15:00,5,20,381.9386066239283,1,52.55440278125925,2649.5331954705875,0.535646580325099
2024-10-05 21:00:00,5,21,156.87236271000114,0,0.0,2000.0,0.0
2024-10-05 21:45:00,5,21,216.6137914199164,1,56.93787130279704,2917.2432790746684,0.6154128547339601
2024-10-05 22:30:00,5,22,209.8635817091068,0,0.0,2000.0,0.0
2024-10-05 23:15:00,5,23,30.986387129216393,1,61.811422165066155,4466.584668760664,0.6557879990640333
2024-10-06 00:00:00,6,0,0.0,1,64.16369655499435,4017.805847267091,0.6416369655499434
2024-10-06 00:45:00,6,0,0.0,1,34.07567779233901,2806.412997144485,0.3407567779233901
2024-10-06 01:30:00,6,1,27.35995463425164,1,39.598081403778075,4598.4210309848895,0.36023820012765545
2024-10-06 02:15:00,6,2,116.29661124995532,0,0.0,2000.0,0.0
2024-10-06 03:00:00,6,3,481.57278388462953,1,58.27750237708133,4176.036750435929,0.3485927553475775
2024-10-06 03:45:00,6,3,249.8925395519532,1,39.014405315066384,4000.9008202067803,0.26897576698474
2024-10-06 04:30:00,6,4,410.488489258714,1,58.87590954249116,2000.0,0.34635058077238445
2024-10-06 05:15:00,6,5,403.8032807211216,0,0.0,2000.0,0.0
2024-10-06 06:00:00,6,6,590.1991192365945,0,0.0,2000.0,0.0
2024-10-06 06:45:00,6,6,409.244983404855,1,35.918962560583786,3471.019181827948,0.19998394459449648
2024-10-06 07:30:00,6,7,482.5056623904511,1,64.32668444642486,2000.0,0.3466430730082995
2024-10-06 08:15:00,6,8,445.83169211146884,1,72.41705016513261,3774.6541542972127,0.41653691153025196
2024-10-06 09:00:00,6,9,297.80221483548576,1,33.25809684048599,3181.2096193953876,0.22301335004423875
2024-10-06 09:45:00,6,9,266.23946385793266,1,72.04741443726874,2944.8036101418948,0.4920746136830016
2024-10-06 10:30:00,6,10,118.18452535548724,0,0.0,2000.0,0.0
2024-10-06 11:15:00,6,11,34.20376026030872,1,42.13119941931823,4457.260646387284,0.38195315157170895
2024-10-06 12:00:00,6,12,6.2556054099584906e-30,1,37.807220531195924,3949.736204104588,0.37807220531195923
2024-10-06 12:45:00,6,12,9.02320758908371e-30,1,47.44709010673362,6500.0,0.4744709010673362
2024-10-06 13:30:00,6,13,45.26492180296034,1,0.0,4166.032467230409,0.0
2024-10-06 14:15:00,6,14,151.57648299676237,1,26.810699805756258,4117.897803666302,0.2849557861625755
2024-10-06 15:00:00,6,15,415.4990511421294,1,31.74187583775487,3507.3484497594623,0.30482109960475956
2024-10-06 15:45:00,6,15,260.73627838820147,1,70.22751579584003,3698.2082782877533,0.7402743092591243
2024-10-06 16:30:00,6,16,666.4437217543009,1,68.41965950209422,4778.444883660958,0.5747334742033748
2024-10-06 17:15:00,6,17,286.3445289699028,1,72.904729612692,3979.0591425235907,0.8056828137620865
2024-10-06 18:00:00,6,18,571.9870490909408,1,27.650980182111947,4458.828529968598,0.2566587257350064
2024-10-06 18:45:00,6,18,391.9554684913922,0,0.0,2000.0,0.0
2024-10-06 19:30:00,6,19,468.4318635495937,1,15.081923181017714,3917.215777690185,0.14896283572381203
2024-10-06 20:15:00,6,20,384.98298030379783,1,30.60662475584388,3178.193080560592,0.31136283869778114
2024-10-06 21:00:00,6,21,162.61466153766597,1,38.52959700191895,3498.1975485818125,0.429056658780727
2024-10-06 21:45:00,6,21,94.95908330203962,1,31.982175516341556,3349.2015141464144,0.36925998147874284
2024-10-06 22:30:00,6,22,210.60339137244992,1,47.6322273037112,3230.1852970014334,0.4900894394921652
2024-10-06 23:15:00,6,23,56.61474166180902,1,50.20910156369647,4519.643352584542,0.5257597852903368
2024-10-07 00:00:00,0,0,0.0,1,77.50554152110661,3906.2451027332527,0.7750554152110661
2024-10-07 00:45:00,0,0,0.0,1,49.99937757086378,3978.565361227775,0.4999937757086378
2024-10-07 01:30:00,0,1,33.32042317062312,1,100.0,4247.912428478652,0.906987668900047
2024-10-07 02:15:00,0,2,213.22039355521636,1,50.479244168649224,3052.695267548772,0.38332995712447915
2024-10-07 03:00:00,0,3,370.546027115842,1,49.179946342524715,5384.784032395992,0.31568474445024675
2024-10-07 03:45:00,0,3,233.30677186349652,1,68.57040517836703,3226.6019164547647,0.47722293458362025
2024-10-07 04:30:00,0,4,249.44845646722882,1,35.63161375086052,5648.115992824634,0.2308474110012559
2024-10-07 05:15:00,0,5,784.253628987374,1,34.820703739746975,6225.252030808559,0.1503297050911559
2024-10-07 06:00:00,0,6,258.6660846922491,1,44.66927592117183,5315.156418980959,0.27224443796821735
2024-10-07 06:45:00,0,6,354.6901867038231,0,0.0,2000.0,0.0
2024-10-07 07:30:00,0,7,584.7736435918047,1,54.986914215670545,4609.985765551209,0.2763436795157979
2024-10-07 08:15:00,0,8,387.4004108154591,1,100.0,2874.771663597695,0.5968169630373461
2024-10-07 09:00:00,0,9,430.70615783944675,0,0.0,2000.0,0.0
2024-10-07 09:45:00,0,9,206.61991459435274,1,53.50795958214487,5229.983803072857,0.37801947979768385
2024-10-07 10:30:00,0,10,64.53928663849933,1,54.53381212733411,3707.030148978301,0.4485792164197417
2024-10-07 11:15:00,0,11,18.987724786086094,1,45.273001332997985,4985.0055117305255,0.4136130453846822
2024-10-07 12:00:00,0,12,4.32553986546187e-30,1,92.17934101702562,4138.699263633963,0.9217934101702562
2024-10-07 12:45:00,0,12,7.779690105726256e-30,0,0.0,2000.0,0.0
2024-10-07 13:30:00,0,13,35.701649838713,1,33.340513783786044,5661.708983071211,0.3528789480474335
2024-10-07 14:15:00,0,14,112.7207887867734,1,44.64464718269138,4088.6450021528462,0.4844772584890949
2024-10-07 15:00:00,0,15,114.9935591210036,1,59.26097865469077,3028.6698323857736,0.677020144353248
2024-10-07 15:45:00,0,15,167.71611495545432,0,0.0,2000.0,0.0
2024-10-07 16:30:00,0,16,277.5006101151898,0,0.0,2000.0,0.0
2024-10-07 17:15:00,0,17,562.287548058993,1,76.66397363719005,4076.0996905849483,0.7108013503893176
2024-10-07 18:00:00,0,18,516.4774996955756,0,0.0,2000.0,0.0
2024-10-07 18:45:00,0,18,466.3116283130433,0,0.0,2000.0,0.0
2024-10-07 19:30:00,0,19,616.2929463646584,1,80.86455643170339,3127.4822281389643,0.7215845863277022
2024-10-07 20:15:00,0,20,545.1882428807703,0,0.0,2000.0,0.0
2024-10-07 21:00:00,0,21,344.63486461253785,1,62.283837593458344,4301.897302526099,0.6248691744535692
2024-10-07 21:45:00,0,21,436.3144356085904,0,0.0,2000.0,0.0
2024-10-07 22:30:00,0,22,145.74448364704725,1,47.29770252137422,3093.974749683133,0.504286648413705
2024-10-07 23:15:00,0,23,12.030262446569708,1,19.726272178964738,3898.2562762572325,0.21130063403131133
2024-10-08 00:00:00,1,0,0.0,1,97.68619395789807,4401.5779433913385,0.9768619395789807
2024-10-08 00:45:00,1,0,0.0,0,0.0,2000.0,0.0
2024-10-08 01:30:00,1,1,23.43754664783325,1,78.96427665128357,3671.163884873362,0.7197952517216788
2024-10-08 02:15:00,1,2,95.84439286757164,1,48.522123528724784,2278.166909962364,0.392673112745573
2024-10-08 03:00:00,1,3,85.07927437327767,1,16.470260086758593,5653.506715471226,0.12424379372480343
2024-10-08 03:45:00,1,3,63.39950582191237,1,24.970240398586398,4379.677674755303,0.19049615261130018
2024-10-08 04:30:00,1,4,412.2706721980208,0,0.0,2000.0,0.0
2024-10-08 05:15:00,1,5,528.498958596628,1,73.17322964889487,3586.1155778931206,0.3823640712984156
2024-10-08 06:00:00,1,6,255.26744721618812,0,0.0,2000.0,0.0
2024-10-08 06:45:00,1,6,762.2315227561357,1,32.679124967892974,2539.418432702386,0.14157216762209793
2024-10-08 07:30:00,1,7,244.394996679901,1,38.39492520638791,2963.804420918369,0.23936735190869368
2024-10-08 08:15:00,1,8,467.55313695263953,1,42.48232120522353,4131.524611440135,0.24093965065180586
2024-10-08 09:00:00,1,9,292.51207890708093,0,0.0,2000.0,0.0
2024-10-08 09:45:00,1,9,382.15828909996094,1,47.21525457951506,4987.196024476386,0.30091359608788704
2024-10-08 10:30:00,1,10,149.00009088128937,1,50.94726374473657,3523.52864457368,0.40078936738575616
2024-10-08 11:15:00,1,11,49.57619366033543,1,59.91617715925321,3837.3242601543193,0.5389405486555907
2024-10-08 12:00:00,1,12,1.1484830054980404e-29,1,53.26557269012708,4491.481354000647,0.5326557269012708
2024-10-08 12:45:00,1,12,8.376461602053435e-30,1,32.47778560856178,4026.321849819524,0.3247778560856178
2024-10-08 13:30:00,1,13,15.516875103976453,1,52.65538749414404,4316.035589620181,0.5630360899029667
2024-10-08 14:15:00,1,14,108.13629701295076,1,85.71706648629912,4818.288330833386,0.9324487891687525
2024-10-08 15:00:00,1,15,403.53205652975,1,29.635810414340405,3509.1789435580863,0.2867457195672679
2024-10-08 15:45:00,1,15,306.95794471159024,1,33.73421232838853,4292.031514149685,0.3461451521358339
2024-10-08 16:30:00,1,16,351.68165336725724,1,42.098488807593945,4176.904816612101,0.4371010347491956
2024-10-08 17:15:00,1,17,655.3607599054968,1,50.961426128122255,2966.983166696002,0.441908380970733
2024-10-08 18:00:00,1,18,303.22096689142774,0,0.0,2000.0,0.0
2024-10-08 18:45:00,1,18,408.75949483750514,1,66.15100972425982,4096.603489993684,0.6842040798491621
2024-10-08 19:30:00,1,19,611.516947395526,0,0.0,2000.0,0.0
2024-10-08 20:15:00,1,20,45.463308312621784,1,20.330682025692532,4336.606716570043,0.2503052802570696
2024-10-08 21:00:00,1,21,304.4960144435486,0,0.0,2000.0,0.0
2024-10-08 21:45:00,1,21,181.026049292412,0,0.0,2000.0,0.0
2024-10-08 22:30:00,1,22,63.19538936011756,1,52.40292585175591,4802.489895208278,0.5835918133040293
2024-10-08 23:15:00,1,23,37.15343556490974,1,54.44192716000282,2443.0457118877584,0.5757922995170973
2024-10-09 00:00:00,2,0,0.0,1,37.83694644017528,3422.507742936543,0.37836946440175284
2024-10-09 00:45:00,2,0,0.0,1,51.92245334249718,4859.67973452606,0.5192245334249718
2024-10-09 01:30:00,2,1,27.801250264960252,1,16.917740595348945,4817.450829375576,0.1538724310811212
2024-10-09 02:15:00,2,2,102.98836178043389,1,70.09491546245506,4420.559104171512,0.5651261992522489
2024-10-09 03:00:00,2,3,168.92184032560536,1,43.34720816750363,2898.542726240537,0.31267377782620503
2024-10-09 03:45:00,2,3,441.1230285610888,1,81.8255648440915,2926.477008318787,0.5024863866550224
2024-10-09 04:30:00,2,4,448.54179355510655,1,69.32588742331457,4465.078033535199,0.3980614604738479
2024-10-09 05:15:00,2,5,497.5321288745146,0,0.0,2000.0,0.0
2024-10-09 06:00:00,2,6,658.609118829535,1,54.50098796288103,4838.9512931978,0.25587494893866464
2024-10-09 06:45:00,2,6,590.9776923961942,1,59.66877575447347,3769.4735225772924,0.2942612263691178
2024-10-09 07:30:00,2,7,776.0589720414193,0,0.0,2000.0,0.0
2024-10-09 08:15:00,2,8,293.44749688254416,1,57.3530070974703,2866.2588099833993,0.36223504223670056
2024-10-09 09:00:00,2,9,278.37413111643656,1,57.94765189352684,4087.659085777589,0.3930049940773749
2024-10-09 09:45:00,2,9,113.88758072757804,1,51.79820786955877,4659.08305020944,0.38486264108288765
2024-10-09 10:30:00,2,10,44.45383919331899,1,87.55440819172708,2648.485969811197,0.7276709189043901
2024-10-09 11:15:00,2,11,18.232516597887056,1,17.329720659618403,3913.9808865282866,0.1583842656533568
2024-10-09 12:00:00,2,12,1.0084541117218925e-29,1,75.33914727095855,5078.258385539723,0.7533914727095855
2024-10-09 12:45:00,2,12,7.118446580730065e-30,1,36.35307020841662,3607.1086446796394,0.3635307020841662
2024-10-09 13:30:00,2,13,11.830314430169805,1,36.68679889144528,3608.762866341998,0.3930151363014624
2024-10-09 14:15:00,2,14,175.15616252671424,1,100.0,5689.32676057266,1.0492852065471392
2024-10-09 15:00:00,2,15,243.51528854926343,0,0.0,2000.0,0.0
2024-10-09 15:45:00,2,15,421.57759292865575,1,45.24587984698026,2000.0,0.4328348376644763
2024-10-09 16:30:00,2,16,169.18332208448194,1,96.55791877977339,2000.0,1.1135429994146169
2024-10-09 17:15:00,2,17,644.5492879383423,0,0.0,2000.0,0.0
2024-10-09 18:00:00,2,18,741.7002279724854,1,48.04550963008783,5563.045744162274,0.3929617497941542
2024-10-09 18:45:00,2,18,629.8529174940991,1,58.098511419567124,3636.9159934025065,0.5174227884764618
2024-10-09 19:30:00,2,19,342.87357012116104,1,43.082141763528796,4296.432659662143,0.4604026489982779
2024-10-09 20:15:00,2,20,424.12805946525475,0,0.0,2000.0,0.0
2024-10-09 21:00:00,2,21,352.1890881886819,1,47.92270910928136,3356.203808346054,0.4785955638992407
2024-10-09 21:45:00,2,21,161.28026498846154,1,47.5585946261289,3882.8943577085256,0.5299861046344831
2024-10-09 22:30:00,2,22,53.56906342687595,1,25.39233228132302,2138.823933585844,0.2841904213486414
2024-10-09 23:15:00,2,23,47.55930132512286,1,49.88354130322131,2798.2732419131326,0.524784669059221
2024-10-10 00:00:00,3,0,0.0,1,73.16397508334856,4053.294393311804,0.7316397508334856
2024-10-10 00:45:00,3,0,0.0,1,68.84334951618153,2493.8326765376073,0.6884334951618153
2024-10-10 01:30:00,3,1,40.97887405851317,1,50.21760797824297,2000.0,0.45369387502656183
2024-10-10 02:15:00,3,2,184.06553097628307,1,38.3137080133222,5054.5457721279945,0.2956945278243835
2024-10-10 03:00:00,3,3,295.66588379313174,0,0.0,2000.0,0.0
2024-10-10 03:45:00,3,3,74.94703851731195,1,38.094769136528235,2907.6247425045804,0.2888893123513426
2024-10-10 04:30:00,3,4,391.08845944840226,1,48.177152784683265,4907.819784038008,0.28687183439320446
2024-10-10 05:15:00,3,5,491.53937726521247,1,70.22406345104069,2896.0236477366984,0.3761700485117222
2024-10-10 06:00:00,3,6,831.4388768787242,1,53.22656644885653,4460.681252806286,0.21769473694277747
2024-10-10 06:45:00,3,6,465.49094855525067,1,94.22241253300206,4153.285184744263,0.5060480070829848
2024-10-10 07:30:00,3,7,549.0785543138686,0,0.0,2000.0,0.0
2024-10-10 08:15:00,3,8,583.2295333307233,1,48.39083483097029,5330.985736976677,0.2537331571199383
2024-10-10 09:00:00,3,9,252.8292808497178,0,0.0,2000.0,0.0
2024-10-10 09:45:00,3,9,451.4419450147729,1,72.85521335561295,5004.5693579843955,0.4444383973802037
2024-10-10 10:30:00,3,10,159.45525551424012,1,11.31154588353445,5347.3993290895405,0.08848247689378268
2024-10-10 11:15:00,3,11,22.998092457044283,1,86.78911135898507,3579.4092897072615,0.7912980667838841
2024-10-10 12:00:00,3,12,6.695053891525289e-30,1,24.261567644609098,2799.381968751983,0.24261567644609097
2024-10-10 12:45:00,3,12,7.971538931084934e-30,1,55.78836182658429,3939.103520671,0.557883618265843
2024-10-10 13:30:00,3,13,32.554277997944794,0,0.0,2000.0,0.0
2024-10-10 14:15:00,3,14,103.28399525488891,1,46.211050940297746,5151.369452070717,0.5039831295086874
2024-10-10 15:00:00,3,15,342.6322543229359,1,53.178824144098265,3560.2608125381994,0.5341676048830771
2024-10-10 15:45:00,3,15,294.93697313534284,0,0.0,2000.0,0.0
2024-10-10 16:30:00,3,16,529.953320147873,1,72.72843682106011,2545.794849479528,0.6734566014424423
2024-10-10 17:15:00,3,17,468.7022359733016,0,0.0,2000.0,0.0
2024-10-10 18:00:00,3,18,659.9107732250784,0,0.0,2000.0,0.0
2024-10-10 18:45:00,3,18,417.8518398946156,1,65.52024031784778,2240.829083177364,0.6738077298455457
2024-10-10 19:30:00,3,19,129.64877583403714,0,0.0,2000.0,0.0
2024-10-10 20:15:00,3,20,605.927184357476,1,13.563949285420954,3236.9058900043674,0.11910934913315825
2024-10-10 21:00:00,3,21,163.44356734192033,1,46.063409607961994,4729.34773758507,0.5127200396735867
2024-10-10 21:45:00,3,21,133.2330678856681,1,67.02370362409124,3994.8600968252736,0.7582954587061637
2024-10-10 22:30:00,3,22,73.47499929844392,1,74.18642490280699,3481.6523646641303,0.8218015131555755
2024-10-10 23:15:00,3,23,28.068851974183378,1,87.05522076209466,2229.3592167304087,0.9249805023466675
2024-10-11 00:00:00,4,0,0.0,0,0.0,2000.0,0.0
2024-10-11 00:45:00,4,0,0.0,0,0.0,2000.0,0.0
2024-10-11 01:30:00,4,1,23.791606995166006,1,100.0,5345.280920532302,0.9113821411222522
2024-10-11 02:15:00,4,2,58.36309086834153,1,33.922540156473595,2732.2886139643215,0.2799273380820673
2024-10-11 03:00:00,4,3,286.63466054032807,0,0.0,2000.0,0.0
2024-10-11 03:45:00,4,3,282.2703072640149,1,20.593830443771225,5274.42556652187,0.1393527047842033
2024-10-11 04:30:00,4,4,432.5079497269742,0,0.0,2000.0,0.0
2024-10-11 05:15:00,4,5,577.8048740923723,1,14.570736968588776,5130.062197076882,0.07358765841703076
2024-10-11 06:00:00,4,6,819.7503955085829,0,0.0,2000.0,0.0
2024-10-11 06:45:00,4,6,679.5647331911622,1,39.482333165664826,4211.764806397471,0.18246852794744023
2024-10-11 07:30:00,4,7,515.0951400360127,1,67.90455825879157,4005.9364955275196,0.35806497084396977
2024-10-11 08:15:00,4,8,217.4635663736383,1,35.3904200373168,4334.191583414065,0.23347411936351092
2024-10-11 09:00:00,4,9,97.65193507144346,1,72.14606289603111,3388.548918148721,0.5406622706358402
2024-10-11 09:45:00,4,9,292.2488949396009,1,59.336466810154484,2779.1785526064423,0.3991808555839151
2024-10-11 10:30:00,4,10,148.85323745982993,1,59.2966250076046,5599.267749728757,0.4665087105026394
2024-10-11 11:15:00,4,11,33.19778951271694,1,41.659228447552266,3398.673952234897,0.37786762570479293
2024-10-11 12:00:00,4,12,8.947839090098017e-30,0,0.0,2000.0,0.0
2024-10-11 12:45:00,4,12,5.842268714687163e-30,1,60.50139655959179,2942.047766792468,0.6050139655959179
2024-10-11 13:30:00,4,13,29.01889566097192,1,51.97611632086636,3160.0993427263284,0.5519913810389013
2024-10-11 14:15:00,4,14,114.06748343275363,1,39.20170693966634,4516.340874849566,0.4251076994791255
2024-10-11 15:00:00,4,15,155.37842175491056,0,0.0,2000.0,0.0
2024-10-11 15:45:00,4,15,231.84437596186885,0,0.0,2000.0,0.0
2024-10-11 16:30:00,4,16,204.16208885776422,1,24.03258960810165,3391.9763195343608,0.27185788973674574
2024-10-11 17:15:00,4,17,231.2900116877571,1,37.755693567042975,3820.2900368714536,0.43064951778608335
2024-10-11 18:00:00,4,18,457.6857861894558,1,71.55102847442156,2776.101737564358,0.7173020934876118
2024-10-11 18:45:00,4,18,308.792402746014,1,41.636719690769716,2481.9098475707096,0.4577061883274685
2024-10-11 19:30:00,4,19,582.1632959816319,1,69.28906676594136,5575.359589421337,0.6335425833243047
2024-10-11 20:15:00,4,20,452.15950432187816,0,0.0,2000.0,0.0
2024-10-11 21:00:00,4,21,187.63876689262574,1,75.26100415978931,2384.0000156003016,0.8266748129159959
2024-10-11 21:45:00,4,21,402.7640653792388,1,79.84825449964652,3731.2280779017974,0.7729553945048144
2024-10-11 22:30:00,4,22,204.4738813814682,0,0.0,2000.0,0.0
2024-10-11 23:15:00,4,23,53.632867379023004,0,0.0,2000.0,0.0
2024-10-12 00:00:00,5,0,0.0,1,48.55201773576895,4447.097167016294,0.4855201773576895
2024-10-12 00:45:00,5,0,0.0,0,0.0,2000.0,0.0
2024-10-12 01:30:00,5,1,16.781229366602222,1,22.682280718959067,4450.357503435632,0.20745557968845496
2024-10-12 02:15:00,5,2,135.48123525844017,1,94.79433008620633,2000.0,0.7511696807565578
2024-10-12 03:00:00,5,3,174.2670787457952,1,27.500308969957672,3260.058095739034,0.19778723850900579
2024-10-12 03:45:00,5,3,225.41535236233057,1,66.39025544297238,4033.479959830615,0.464113826340875
2024-10-12 04:30:00,5,4,479.9685332746645,0,0.0,2000.0,0.0
2024-10-12 05:15:00,5,5,471.16691783468366,0,0.0,2000.0,0.0
2024-10-12 06:00:00,5,6,588.0097420337653,0,0.0,2000.0,0.0
2024-10-12 06:45:00,5,6,469.99534728297675,1,27.77059673281923,4805.474817062564,0.14871199773479554
2024-10-12 07:30:00,5,7,333.35357694289365,1,59.70914466417942,2000.0,0.35338540096314175
2024-10-12 08:15:00,5,8,457.662151055177,1,49.69091663398792,4104.025603544843,0.28364239120693646
2024-10-12 09:00:00,5,9,372.084297463412,0,0.0,2000.0,0.0
2024-10-12 09:45:00,5,9,373.36494412142673,1,48.768167664729305,3521.9631367192715,0.31249999375528525
2024-10-12 10:30:00,5,10,158.33106561839801,1,71.78235475817274,3256.9607177755993,0.5618471643782661
2024-10-12 11:15:00,5,11,54.418511841991815,1,87.36971367250544,5634.065084438774,0.7839314944370562
2024-10-12 12:00:00,5,12,2.951290553448362e-32,1,66.57569231542566,5200.816037764202,0.6657569231542566
2024-10-12 12:45:00,5,12,3.7161164365749606e-30,1,51.84733345383471,4366.085274063918,0.5184733345383471
2024-10-12 13:30:00,5,13,10.773586690669498,0,0.0,2000.0,0.0
2024-10-12 14:15:00,5,14,86.06973588559707,1,47.9594402616937,4764.152152860917,0.5277983889593435
2024-10-12 15:00:00,5,15,321.09511935997796,0,0.0,2000.0,0.0
2024-10-12 15:45:00,5,15,226.0216545563343,1,68.18218060054345,4322.125739585672,0.7330593445260702
2024-10-12 16:30:00,5,16,267.53566276594296,0,0.0,2000.0,0.0
2024-10-12 17:15:00,5,17,286.14883591035823,0,0.0,2000.0,0.0
2024-10-12 18:00:00,5,18,626.2048059433804,0,0.0,2000.0,0.0
2024-10-12 18:45:00,5,18,579.8960286960104,1,57.74524253807833,4091.605105710938,0.5330276136395412
2024-10-12 19:30:00,5,19,328.26725340555834,1,43.427735734163775,4351.066716650522,0.46818653615828393
2024-10-12 20:15:00,5,20,191.93599142242337,0,0.0,2000.0,0.0
2024-10-12 21:00:00,5,21,191.8665491791914,1,44.7871914251928,2204.633907362151,0.4907996485597572
2024-10-12 21:45:00,5,21,344.058744379506,0,0.0,2000.0,0.0
2024-10-12 22:30:00,5,22,116.72391068617523,1,46.59619783067273,4720.129833170617,0.5045826550577954
2024-10-12 23:15:00,5,23,35.45041604904043,1,77.14795380563196,5057.0869750790125,0.8166452051493307
2024-10-13 00:00:00,6,0,0.0,0,0.0,2000.0,0.0
2024-10-13 00:45:00,6,0,0.0,0,0.0,2000.0,0.0
2024-10-13 01:30:00,6,1,36.194116633674945,1,55.75805835783646,4518.516635878416,0.5049797623566578
2024-10-13 02:15:00,6,2,179.3070554831348,0,0.0,2000.0,0.0
2024-10-13 03:00:00,6,3,126.38755464570303,0,0.0,2000.0,0.0
2024-10-13 03:45:00,6,3,90.10768843798193,1,31.319133998318605,3251.452559377651,0.23563623356944494
2024-10-13 04:30:00,6,4,457.14940294172953,0,0.0,2000.0,0.0
2024-10-13 05:15:00,6,5,663.2670861056118,1,20.777370383365493,4136.152724141827,0.09862783566045012
2024-10-13 06:00:00,6,6,869.4585487380382,1,18.632440721261354,3222.7615277184696,0.0737266130074855
2024-10-13 06:45:00,6,6,593.4224931195038,1,1.3066999039606912,4335.371164458074,0.0064329114260390455
2024-10-13 07:30:00,6,7,492.5476845972582,1,81.20131064283561,2000.0,0.4346812444725292
2024-10-13 08:15:00,6,8,0.0,1,57.87784493830208,5262.536713548154,0.42840739728442223
2024-10-13 09:00:00,6,9,0.0,1,34.41283114146369,2823.7711824204116,0.27112767263476717
2024-10-13 09:45:00,6,9,171.63119772940317,0,0.0,2000.0,0.0
2024-10-13 10:30:00,6,10,170.098223881713,1,63.101912320356234,4811.4183411063395,0.4907487810837912
2024-10-13 11:15:00,6,11,16.418290847496497,1,31.311925344995487,4565.853414120166,0.28643602787238115
2024-10-13 12:00:00,6,12,7.117119404131081e-30,0,0.0,2000.0,0.0
2024-10-13 12:45:00,6,12,2.033673327374819e-30,1,83.34800429955084,4990.372959242268,0.8334800429955084
2024-10-13 13:30:00,6,13,7.613416603520377,1,40.53016848425711,2578.7296223010962,0.43510896119278236
2024-10-13 14:15:00,6,14,91.66618897514599,1,38.78567366255203,2052.442506356697,0.4255920714933392
2024-10-13 15:00:00,6,15,179.63686071212132,1,43.5328332421758,4934.025164460234,0.48028043948158416
2024-10-13 15:45:00,6,15,183.6476848454646,1,54.054570883695995,4528.764131609997,0.5950486155952651
2024-10-13 16:30:00,6,16,542.7996659495178,1,20.339314990961547,3442.2831739635485,0.18669376751172367
2024-10-13 17:15:00,6,17,339.41566005216123,1,23.333956798686867,3820.9322659158033,0.24988156182748922
2024-10-13 18:00:00,6,18,264.4359222473726,0,0.0,2000.0,0.0
2024-10-13 18:45:00,6,18,814.3856805947744,1,85.82129255593563,5595.139328448288,0.6613811968671853
2024-10-13 19:30:00,6,19,465.7497082306819,0,0.0,2000.0,0.0
2024-10-13 20:15:00,6,20,389.6966724914625,1,27.837493218964532,4671.113284360556,0.2823657714958578
2024-10-13 21:00:00,6,21,245.32114527760342,1,45.826581323602795,3180.5255251690887,0.48734334041932664
2024-10-13 21:45:00,6,21,227.29905138261756,1,35.77041899999407,4055.5106824566196,0.38430801116536845
2024-10-13 22:30:00,6,22,37.794629173485085,0,0.0,2000.0,0.0
2024-10-13 23:15:00,6,23,11.525359890538379,1,67.20829628462147,5514.912418912833,0.7200936032649671
2024-10-14 00:00:00,0,0,0.0,0,0.0,2000.0,0.0
2024-10-14 00:45:00,0,0,0.0,1,87.93955266812247,3812.8373810291096,0.8793955266812248
2024-10-14 01:30:00,0,1,28.53252832438328,1,54.71307934308138,3463.7265612745327,0.497448984732004
2024-10-14 02:15:00,0,2,181.32846197590794,0,0.0,2000.0,0.0
2024-10-14 03:00:00,0,3,245.91389473962334,1,69.42698024337582,3056.5775294557393,0.47973635510345425
2024-10-14 03:45:00,0,3,369.5155417674559,1,48.881412129229254,6054.816113424016,0.31396689218273444
2024-10-14 04:30:00,0,4,531.5664587246002,1,70.5935804378456,5413.145508508236,0.38364904273189704
2024-10-14 05:15:00,0,5,578.5166004408763,0,0.0,2000.0,0.0
2024-10-14 06:00:00,0,6,739.322582717452,1,46.857778553324955,5013.786733891139,0.20675390136171146
2024-10-14 06:45:00,0,6,530.2511175963396,1,35.05202463413527,2894.6821656737325,0.18031185911202058
2024-10-14 07:30:00,0,7,276.2779184027961,0,0.0,2000.0,0.0
2024-10-14 08:15:00,0,8,271.5416539100187,1,44.34623866751376,5063.175558978647,0.28368104726984045
2024-10-14 09:00:00,0,9,257.6343123711775,0,0.0,2000.0,0.0
2024-10-14 09:45:00,0,9,177.7070428620515,1,60.38396319667187,4726.327818927153,0.43347420367709805
2024-10-14 10:30:00,0,10,96.70470880017047,0,0.0,2000.0,0.0
2024-10-14 11:15:00,0,11,38.98027608426782,1,53.43937237197302,3540.4820091235347,0.4832936460337208
2024-10-14 12:00:00,0,12,5.185817876817618e-30,0,0.0,2000.0,0.0
2024-10-14 12:45:00,0,12,3.710737051966251e-30,1,40.87534294369213,3664.387215024771,0.40875342943692133
2024-10-14 13:30:00,0,13,16.50560688778052,1,40.3869606703928,4152.233960514285,0.43163649646003915
2024-10-14 14:15:00,0,14,119.97615275269455,1,34.919524108933764,2851.95257781803,0.3774848438411054
2024-10-14 15:00:00,0,15,143.95745109130576,0,0.0,2000.0,0.0
2024-10-14 15:45:00,0,15,136.85989077885705,0,0.0,2000.0,0.0
2024-10-14 16:30:00,0,16,313.5923768263427,1,28.118634327245857,2138.778374445704,0.29869710695307145
2024-10-14 17:15:00,0,17,447.8333270904664,1,56.43586313345047,2470.204747484706,0.564908891082346
2024-10-14 18:00:00,0,18,656.0915722433599,1,42.04213295201217,3894.2513387294725,0.367255049167983
2024-10-14 18:45:00,0,18,466.2607380101135,1,48.690012308279094,4053.2203732676085,0.48540559303586006
2024-10-14 19:30:00,0,19,469.9413516052335,1,53.955385040017006,4186.020797755096,0.5323873876174311
2024-10-14 20:15:00,0,20,487.0468165705363,0,0.0,2000.0,0.0
2024-10-14 21:00:00,0,21,119.2106401983902,0,0.0,2000.0,0.0
2024-10-14 21:45:00,0,21,152.55141785224384,0,0.0,2000.0,0.0
2024-10-14 22:30:00,0,22,89.73849676850622,1,51.01740802010095,4907.727868334963,0.560375395578852
2024-10-14 23:15:00,0,23,45.00821047394371,1,82.90711935694291,5770.827570740676,0.87333883725426
2024-10-15 00:00:00,1,0,0.0,1,53.20009378601393,2346.3526253217374,0.5320009378601394
2024-10-15 00:45:00,1,0,0.0,1,38.02273068942801,3603.362851479425,0.3802273068942801
2024-10-15 01:30:00,1,1,25.79623083508089,1,69.01920964715391,4247.220640225364,0.6283906772571862
2024-10-15 02:15:00,1,2,99.8892689535889,1,73.402275471338,4275.065339259555,0.5927579180518351
2024-10-15 03:00:00,1,3,210.84323290745053,1,46.93344425026541,4062.142168913774,0.3307914446947276
2024-10-15 03:45:00,1,3,332.54945558913545,1,77.86422629576583,4726.776781472564,0.5114631880807042
2024-10-15 04:30:00,1,4,162.95279805916374,1,15.536553101031863,4515.089738530029,0.10563056498035747
2024-10-15 05:15:00,1,5,822.8055716764522,0,0.0,2000.0,0.0
2024-10-15 06:00:00,1,6,522.2958443176103,1,54.84700251359528,5401.931445250039,0.28366675239371775
2024-10-15 06:45:00,1,6,1000.0,0,0.0,2000.0,0.0
2024-10-15 07:30:00,1,7,231.54307302382225,0,0.0,2000.0,0.0
2024-10-15 08:15:00,1,8,456.58279430843857,1,27.238747835065432,4445.517476630568,0.1555912214202602
2024-10-15 09:00:00,1,9,406.26882026607603,1,22.28448347853755,4133.858559915111,0.1399075296923053
2024-10-15 09:45:00,1,9,180.76405364751108,0,0.0,2000.0,0.0
2024-10-15 10:30:00,1,10,209.50855244841574,1,41.72884287077128,5489.436723201055,0.31753932917444455
2024-10-15 11:15:00,1,11,16.441950934613956,1,50.55527243476542,3265.791295894349,0.4624652919814834
2024-10-15 12:00:00,1,12,6.576076060438823e-30,1,60.50136182200306,3715.308685471892,0.6050136182200306
2024-10-15 12:45:00,1,12,2.493081618498302e-30,1,50.6600903533196,2733.2648913662847,0.5066009035331961
2024-10-15 13:30:00,1,13,11.427044002728524,0,0.0,2000.0,0.0
2024-10-15 14:15:00,1,14,188.3654854313991,1,34.32931526963249,3865.942117694923,0.35760499132284534
2024-10-15 15:00:00,1,15,217.30810263796846,1,100.0,4644.184007982667,1.0804289780896663
2024-10-15 15:45:00,1,15,142.08661373457926,1,29.76858623635092,3936.0121283700905,0.33519968886471174
2024-10-15 16:30:00,1,16,214.47549286375934,1,47.47137896670157,4059.7424475335297,0.533914724931924
2024-10-15 17:15:00,1,17,391.00196406530625,0,0.0,2000.0,0.0
2024-10-15 18:00:00,1,18,555.2259066080413,1,49.00240591048972,2769.479526231161,0.4601831427267916
2024-10-15 18:45:00,1,18,541.9013183185064,1,39.749619170023564,2871.6445292107883,0.37673263750949315
2024-10-15 19:30:00,1,19,891.9465752796563,1,36.31626359346463,4604.06620498954,0.2595056060726937
2024-10-15 20:15:00,1,20,544.0774608335569,1,48.39800411955979,5180.993109810009,0.44385381512816263
2024-10-15 21:00:00,1,21,324.4115136462887,1,34.170459349197564,6358.1348869773465,0.3470069057991463
2024-10-15 21:45:00,1,21,226.9229878385462,1,50.21456642553529,3482.238073219458,0.5396065959608543
2024-10-15 22:30:00,1,22,105.12429806236197,1,47.582419147802206,2489.5992936516864,0.5184359268248501
2024-10-15 23:15:00,1,23,32.47911735110071,1,45.982758584305095,5275.46408172115,0.4874840184130111
2024-10-16 00:00:00,2,0,0.0,1,53.054713612391275,5216.577064009507,0.5305471361239128
2024-10-16 00:45:00,2,0,0.0,1,61.39001661939501,2917.3696549715914,0.6139001661939502
2024-10-16 01:30:00,2,1,54.93250453151327,1,30.776840346085507,3512.098994955026,0.27607461977233727
2024-10-16 02:15:00,2,2,123.70149677661774,0,0.0,2000.0,0.0
2024-10-16 03:00:00,2,3,0.0,1,58.84790715379687,4245.329272974844,0.4636438089167104
2024-10-16 03:45:00,2,3,209.7167540465874,1,31.852429257102457,2062.7261808617645,0.22464034333089922
2024-10-16 04:30:00,2,4,223.24592180582582,1,53.88513652690098,4884.842026696603,0.35433244586377516
2024-10-16 05:15:00,2,5,579.142092285108,1,85.78281174417751,2349.093107020105,0.4328278579664889
2024-10-16 06:00:00,2,6,0.0,1,67.8798584941325,3228.6323852992296,0.47515900945892753
2024-10-16 06:45:00,2,6,708.516192203901,0,0.0,2000.0,0.0
2024-10-16 07:30:00,2,7,405.5159677295298,1,54.36609394205538,4152.108193614231,0.3078311644282453
2024-10-16 08:15:00,2,8,440.6210091665764,0,0.0,2000.0,0.0
2024-10-16 09:00:00,2,9,181.78100984111308,1,41.73512353525838,3528.673202434421,0.29893126481620813
2024-10-16 09:45:00,2,9,225.97265675572572,1,32.83985594520996,3406.6771142505086,0.22950122061905434
2024-10-16 10:30:00,2,10,149.6100642433265,0,0.0,2000.0,0.0
2024-10-16 11:15:00,2,11,27.674732426114332,0,0.0,2000.0,0.0
2024-10-16 12:00:00,2,12,6.019527683884052e-30,1,98.67903974704565,5187.3465104702955,0.9867903974704565
2024-10-16 12:45:00,2,12,9.673195452192556e-30,1,29.606660326666344,4187.0906659009015,0.29606660326666345
2024-10-16 13:30:00,2,13,44.34158504948609,1,50.77279727760767,4952.862798633065,0.5350201050056592
2024-10-16 14:15:00,2,14,81.64310069293957,0,0.0,2000.0,0.0
2024-10-16 15:00:00,2,15,169.44275314840903,1,46.28472341755367,4403.127397717981,0.5135005596414131
2024-10-16 15:45:00,2,15,245.8779161829627,1,54.03292898387797,3951.9349498167317,0.574431516457646
2024-10-16 16:30:00,2,16,295.8492654716127,0,0.0,2000.0,0.0
2024-10-16 17:15:00,2,17,298.9967589166165,1,62.3416979894286,3102.6716488118727,0.6838622837760975
2024-10-16 18:00:00,2,18,522.4396259327295,1,32.696569088234966,3925.118654883849,0.3140225065427373
2024-10-16 18:45:00,2,18,660.6129522155684,1,41.852825720159586,4531.31904085801,0.3643713624379457
2024-10-16 19:30:00,2,19,427.4572622996804,1,37.8663394601255,3075.5415384046146,0.38400834782504195
2024-10-16 20:15:00,2,20,390.01415189550846,0,0.0,2000.0,0.0
2024-10-16 21:00:00,2,21,222.47578831739293,1,34.84985687434529,3103.50913765083,0.3754364693766385
2024-10-16 21:45:00,2,21,226.11021357792362,0,0.0,2000.0,0.0
2024-10-16 22:30:00,2,22,135.02225051715698,1,53.54268401801392,5416.618535413283,0.574171507461823
2024-10-16 23:15:00,2,23,23.068567685182522,1,81.58881310971711,4681.257932949118,0.8690969625356196
2024-10-17 00:00:00,3,0,0.0,1,82.75936574523865,2492.0798831494403,0.8275936574523866
2024-10-17 00:45:00,3,0,0.0,0,0.0,2000.0,0.0
2024-10-17 01:30:00,3,1,20.772901004508853,0,0.0,2000.0,0.0
2024-10-17 02:15:00,3,2,153.7973999663189,1,23.373566108579826,4029.396618677726,0.18339743871730665
2024-10-17 03:00:00,3,3,429.44206791079324,1,72.96643447990287,2387.5575360463804,0.4514405146739524
2024-10-17 03:45:00,3,3,253.08419442113947,0,0.0,2000.0,0.0
2024-10-17 04:30:00,3,4,381.296210963691,1,28.864708914444364,4592.7663541319525,0.17292157363658736
2024-10-17 05:15:00,3,5,540.0038228248924,0,0.0,2000.0,0.0
2024-10-17 06:00:00,3,6,731.108217405526,0,0.0,2000.0,0.0
2024-10-17 06:45:00,3,6,496.4873878314311,1,51.84012082718379,5281.989453116199,0.27279796418004665
2024-10-17 07:30:00,3,7,658.692569731834,1,97.16291091351053,5168.773701521091,0.4627997623643243
2024-10-17 08:15:00,3,8,487.1124955689297,1,37.86202435191898,3458.15362745592,0.21199473733048482
2024-10-17 09:00:00,3,9,174.6281116203376,1,42.71366666996496,5742.746220491703,0.30714373348375323
2024-10-17 09:45:00,3,9,322.1221926122781,0,0.0,2000.0,0.0
2024-10-17 10:30:00,3,10,200.21754929189535,1,62.936445139033516,5136.114656207021,0.4814056152525402
2024-10-17 11:15:00,3,11,17.132989755644925,1,57.693971239261,2758.975406223488,0.5275842180456148
2024-10-17 12:00:00,3,12,7.060883877883612e-30,0,0.0,2000.0,0.0
2024-10-17 12:45:00,3,12,6.388791449194667e-30,1,53.34561204511674,4872.698189976444,0.5334561204511674
2024-10-17 13:30:00,3,13,40.43812864550225,0,0.0,2000.0,0.0
2024-10-17 14:15:00,3,14,65.48436036433736,1,77.10927443974732,2615.6863846542014,0.8577223098467354
2024-10-17 15:00:00,3,15,340.28836912728514,1,47.57877592463358,5810.364886700366,0.4785924413923777
2024-10-17 15:45:00,3,15,490.1102098450397,0,0.0,2000.0,0.0
2024-10-17 16:30:00,3,16,176.05127639184775,1,65.72300314676134,4519.596866366763,0.7550996350628103
2024-10-17 17:15:00,3,17,415.0967014059207,1,69.16572466712387,4231.380721176775,0.7069335368979314
2024-10-17 18:00:00,3,18,699.9928221142786,1,63.310310664565414,3715.2360830091434,0.5349750789377149
2024-10-17 18:45:00,3,18,354.10920052334757,1,50.90849656698334,4230.8095765148355,0.544633869746113
2024-10-17 19:30:00,3,19,379.60431911828016,0,0.0,2000.0,0.0
2024-10-17 20:15:00,3,20,325.9311059871784,1,80.6385404811713,4929.963695471653,0.8503353249356055
2024-10-17 21:00:00,3,21,201.3656526946501,1,44.715895268022464,3010.1113400353693,0.48744401929901326
2024-10-17 21:45:00,3,21,382.31000510670276,1,86.99644372239172,4844.853031841049,0.8529365643398196
2024-10-17 22:30:00,3,22,106.18947190676964,1,23.13217188865364,5431.474083678627,0.25189571629726853
2024-10-17 23:15:00,3,23,10.70402291016657,1,46.15514683775352,3020.597354196358,0.4947269300514532
2024-10-18 00:00:00,4,0,0.0,0,0.0,2000.0,0.0
2024-10-18 00:45:00,4,0,0.0,1,35.91985749050413,4089.1054779561014,0.3591985749050413
2024-10-18 01:30:00,4,1,21.254941917879272,1,60.601714485305905,3167.9493245536073,0.5530221533738486
2024-10-18 02:15:00,4,2,90.28643366873455,1,47.950165296538835,4214.5029938674115,0.38917709499216424
2024-10-18 03:00:00,4,3,192.35852209338364,0,0.0,2000.0,0.0
2024-10-18 03:45:00,4,3,120.87870102573902,1,46.87106961453196,4397.681902868759,0.3469629697899902
2024-10-18 04:30:00,4,4,547.3729959349652,0,0.0,2000.0,0.0
2024-10-18 05:15:00,4,5,459.8353003050841,1,85.97507831951637,4328.131075757192,0.47022316985378787
2024-10-18 06:00:00,4,6,719.6352128586523,0,0.0,2000.0,0.0
2024-10-18 06:45:00,4,6,597.8335463416743,1,38.6557127224651,3604.166322959138,0.1897061026759287
2024-10-18 07:30:00,4,7,784.127002814042,1,61.5284816635107,3413.6847184592134,0.26566154322797775
2024-10-18 08:15:00,4,8,501.3143203144487,1,49.48723533150622,2294.0294819046558,0.2744848400711704
2024-10-18 09:00:00,4,9,222.05172273961068,0,0.0,2000.0,0.0
2024-10-18 09:45:00,4,9,139.51236526646625,1,74.26003576966734,3231.7101884416957,0.5442587112663237
2024-10-18 10:30:00,4,10,172.50124303061918,1,37.13974762060044,3118.935365529622,0.28845958109591624
2024-10-18 11:15:00,4,11,57.23011935645869,0,0.0,2000.0,0.0
2024-10-18 12:00:00,4,12,5.47199598919444e-30,0,0.0,2000.0,0.0
2024-10-18 12:45:00,4,12,1.0827033769910936e-29,1,53.73018582893283,5182.757031302064,0.5373018582893283
2024-10-18 13:30:00,4,13,10.479991988011879,1,49.69924272579354,3675.8922208877525,0.5327753126207048
2024-10-18 14:15:00,4,14,98.47987164097825,1,28.071259702151067,5036.638723610513,0.30692387577419394
2024-10-18 15:00:00,4,15,356.2026860827822,0,0.0,2000.0,0.0
2024-10-18 15:45:00,4,15,269.0014284308582,1,52.1139411136385,4267.159052863233,0.5467270487570188
2024-10-18 16:30:00,4,16,456.8748128529695,1,57.20550828642634,4114.665394730136,0.5560492308139559
2024-10-18 17:15:00,4,17,379.0902031684095,1,45.52869215547127,4137.611774065739,0.47591446662902226
2024-10-18 18:00:00,4,18,365.12272178546976,1,100.0,2104.2488003755966,1.0626702308394447
2024-10-18 18:45:00,4,18,662.2491390081931,1,42.49401507673999,4077.6707400635296,0.3695016341634004
2024-10-18 19:30:00,4,19,192.8362767820438,0,0.0,2000.0,0.0
2024-10-18 20:15:00,4,20,320.8626888542097,1,27.019409108589855,3993.814157014062,0.28578293667371646
2024-10-18 21:00:00,4,21,460.0977609988863,1,39.93828972600708,2120.0622465592487,0.3727370355973883
2024-10-18 21:45:00,4,21,219.98391542907396,1,54.50990590502008,4486.166086971983,0.588056821716728
2024-10-18 22:30:00,4,22,192.4252154371385,1,39.415594006107796,4783.528392099358,0.4096681446030433
2024-10-18 23:15:00,4,23,46.3342364323399,0,0.0,2000.0,0.0
2024-10-19 00:00:00,5,0,0.0,0,0.0,2000.0,0.0
2024-10-19 00:45:00,5,0,0.0,1,74.17795558606358,2431.532836918648,0.7417795558606358
2024-10-19 01:30:00,5,1,30.910862926015056,1,59.57941765814209,4281.191844918948,0.5410400381733985
2024-10-19 02:15:00,5,2,89.06060000624156,1,59.309265711606436,4596.385592153758,0.4816797536902824
2024-10-19 03:00:00,5,3,266.614556094934,1,76.79319227953116,4661.23860503997,0.5243741977329637
2024-10-19 03:45:00,5,3,169.73871405818707,1,72.20762599630463,3507.2886882363628,0.5206185127735499
2024-10-19 04:30:00,5,4,218.9128289108489,1,52.24411569892342,4436.08772824266,0.34437940521468674
2024-10-19 05:15:00,5,5,87.03276256575109,1,55.88524523718206,4151.320049025008,0.37963738447808054
2024-10-19 06:00:00,5,6,1000.0,1,64.73995570922126,2587.5379408994054,0.2265898449822744
2024-10-19 06:45:00,5,6,525.694786262227,1,88.14061620078871,2985.7122890115747,0.45481159502408985
2024-10-19 07:30:00,5,7,863.1133434625834,1,19.514090168467504,3789.746356598621,0.07878249963958701
2024-10-19 08:15:00,5,8,346.16548438886235,1,56.01955476018115,2683.271097383144,0.3428832875765529
2024-10-19 09:00:00,5,9,291.41634482174624,0,0.0,2000.0,0.0
2024-10-19 09:45:00,5,9,329.4796341253203,0,0.0,2000.0,0.0
2024-10-19 10:30:00,5,10,164.3604892574246,0,0.0,2000.0,0.0
2024-10-19 11:15:00,5,11,22.864158298075743,1,44.260053300190776,5395.866486101371,0.40356752970614207
2024-10-19 12:00:00,5,12,6.589782957503261e-30,1,43.0593458610224,4301.062902413631,0.430593458610224
2024-10-19 12:45:00,5,12,5.415903509388518e-30,1,58.4298483454809,4597.422838848821,0.584298483454809
2024-10-19 13:30:00,5,13,32.01581018649164,1,63.12300660486581,6346.334055351681,0.6693531195508038
2024-10-19 14:15:00,5,14,59.601122685789,0,0.0,2000.0,0.0
2024-10-19 15:00:00,5,15,228.16732108842868,1,2.9910220746614087,4104.762600529125,0.03211901801089486
2024-10-19 15:45:00,5,15,249.42265152056567,1,42.88452915065987,2591.24993362757,0.45499003397627913
2024-10-19 16:30:00,5,16,511.31775921620107,0,0.0,2000.0,0.0
2024-10-19 17:15:00,5,17,242.856706449549,1,33.03616673266747,3580.887684804976,0.3743533405075822
2024-10-19 18:00:00,5,18,155.4551563130218,0,0.0,2000.0,0.0
2024-10-19 18:45:00,5,18,547.948672939686,0,0.0,2000.0,0.0
2024-10-19 19:30:00,5,19,154.75054286221567,1,43.49947836378502,4705.193992247863,0.517635460011773
2024-10-19 20:15:00,5,20,419.72817663125954,1,96.23501253948223,4276.367513246968,0.9579418335838855
2024-10-19 21:00:00,5,21,343.94143793521516,1,59.494034699046466,2000.0,0.5971302134884973
2024-10-19 21:45:00,5,21,183.78789838725996,1,49.58152673347933,3755.9839417483054,0.5457658961951961
2024-10-19 22:30:00,5,22,68.14791107064015,1,43.049709158382015,2413.31735856143,0.4782026057511748
2024-10-19 23:15:00,5,23,48.53843934218893,0,0.0,2000.0,0.0
2024-10-20 00:00:00,6,0,0.0,0,0.0,2000.0,0.0
2024-10-20 00:45:00,6,0,0.0,1,12.159526970431543,6411.348786268991,0.12159526970431543
2024-10-20 01:30:00,6,1,22.284447247896335,0,0.0,2000.0,0.0
2024-10-20 02:15:00,6,2,60.72023897250473,0,0.0,2000.0,0.0
2024-10-20 03:00:00,6,3,333.9649407335165,1,53.52730194416335,5104.72505429951,0.35130387192991824
2024-10-20 03:45:00,6,3,273.91329426746125,0,0.0,2000.0,0.0
2024-10-20 04:30:00,6,4,481.58959086596343,1,18.731014971135536,4301.970689249775,0.1052604195820545
2024-10-20 05:15:00,6,5,537.4168495744062,0,0.0,2000.0,0.0
2024-10-20 06:00:00,6,6,465.5206843330186,1,49.946297492427526,4063.8009127868554,0.2682454613869788
2024-10-20 06:45:00,6,6,347.7514457382247,0,0.0,2000.0,0.0
2024-10-20 07:30:00,6,7,486.64535708953605,1,78.51913886434308,3637.5507145600295,0.4219689750162147
2024-10-20 08:15:00,6,8,359.31902999244505,0,0.0,2000.0,0.0
2024-10-20 09:00:00,6,9,216.3801692733222,0,0.0,2000.0,0.0
2024-10-20 09:45:00,6,9,370.7560029286075,0,0.0,2000.0,0.0
2024-10-20 10:30:00,6,10,118.80864266952855,1,58.23680442404536,3443.9404937800846,0.46560693593450125
2024-10-20 11:15:00,6,11,27.465768444810273,1,66.58600623080463,4500.689680540072,0.6057247098287932
2024-10-20 12:00:00,6,12,6.507172412747835e-30,1,94.24720731693125,5215.2220592445055,0.9424720731693126
2024-10-20 12:45:00,6,12,1.0259249749004368e-29,1,25.03388461151267,3286.1584693085492,0.2503388461151267
2024-10-20 13:30:00,6,13,22.535768895077375,1,35.81536928985926,3387.8369526470715,0.38161380779677934
2024-10-20 14:15:00,6,14,163.10046668004435,1,52.3441111198379,3137.099550614955,0.5528675214064492
2024-10-20 15:00:00,6,15,272.95136505663527,1,53.263820734981806,4539.509085551131,0.5575153345666022
2024-10-20 15:45:00,6,15,327.2588218821014,1,43.52695562974857,3457.355827659034,0.44127261276800633
2024-10-20 16:30:00,6,16,507.5304513561321,1,44.280375649174346,2971.942151835511,0.4162852384129683
2024-10-20 17:15:00,6,17,249.9286241702736,1,59.95866866382708,3944.012478703615,0.6766944692232505
2024-10-20 18:00:00,6,18,432.4712937735185,1,57.00734135427827,5332.3454173544305,0.580844186250141
2024-10-20 18:45:00,6,18,625.2945204908948,1,52.315695607768745,3461.646744690625,0.4674713772061458
2024-10-20 19:30:00,6,19,600.6795554405153,0,0.0,2000.0,0.0
2024-10-20 20:15:00,6,20,129.6722204002651,1,14.940424510030233,4532.33727228759,0.17601711461540312
2024-10-20 21:00:00,6,21,382.0296532805389,1,63.509383817693895,3243.2352735977265,0.6227710133273459
2024-10-20 21:45:00,6,21,273.46842297812333,1,48.25380864099106,2000.0,0.5049240494905985
2024-10-20 22:30:00,6,22,72.44438959445114,1,57.49916786120708,4140.084042941743,0.6372888507259908
2024-10-20 23:15:00,6,23,54.15674939183395,1,36.855379056446935,3977.6534798018365,0.3864156833565998
2024-10-21 00:00:00,0,0,0.0,1,84.97043208911559,4810.390086548823,0.8497043208911559
2024-10-21 00:45:00,0,0,0.0,1,68.1744153048694,3871.0463246544296,0.681744153048694
2024-10-21 01:30:00,0,1,36.875950680637175,1,67.83844190720886,2975.0503808841113,0.6141739369321849
2024-10-21 02:15:00,0,2,154.70730970239242,1,55.888763052380426,2740.7967718541577,0.43830728520391365
2024-10-21 03:00:00,0,3,265.1418658271447,1,20.59837089764267,3423.853373638435,0.1407732987273354
2024-10-21 03:45:00,0,3,331.27251608322325,1,39.466560786616974,3951.690175509534,0.2594407244302564
2024-10-21 04:30:00,0,4,614.5528414692811,1,75.87109468901849,4597.064162087881,0.3890280623399996
2024-10-21 05:15:00,0,5,187.86871731285544,1,37.175193273805,4250.347731076257,0.23922533543025784
2024-10-21 06:00:00,0,6,671.7842898478723,1,63.39665091129703,4491.37557013122,0.2947154969899522
2024-10-21 06:45:00,0,6,366.428888437758,1,75.93234154254989,5249.637051720183,0.4341430785201546
2024-10-21 07:30:00,0,7,201.8171196774327,1,13.166649520724732,4442.305086540513,0.08407626559957775
2024-10-21 08:15:00,0,8,408.690809286603,1,43.875542516684355,2790.6516188125192,0.25839950903374714
2024-10-21 09:00:00,0,9,193.85165163159024,1,39.212932117012755,4264.754432243111,0.2790012717045317
2024-10-21 09:45:00,0,9,179.41654835444274,1,39.49420003806995,4388.343479711682,0.2832483308868075
2024-10-21 10:30:00,0,10,125.49744374892082,1,29.64064916777108,2845.4800347311366,0.23613625869419538
2024-10-21 11:15:00,0,11,38.31683313871493,0,0.0,2000.0,0.0
2024-10-21 12:00:00,0,12,9.74206145171669e-30,0,0.0,2000.0,0.0
2024-10-21 12:45:00,0,12,7.3002302793748e-30,0,0.0,2000.0,0.0
2024-10-21 13:30:00,0,13,40.75323956470086,1,30.204597349329106,4591.174183060657,0.3188659884592459
2024-10-21 14:15:00,0,14,218.79407811130264,1,48.294381001610766,4498.869171282093,0.49462786524560404
2024-10-21 15:00:00,0,15,316.8215899873022,0,0.0,2000.0,0.0
2024-10-21 15:45:00,0,15,344.576258721376,1,42.304547320328496,3701.498651323604,0.4244398622269826
2024-10-21 16:30:00,0,16,350.3672060326801,1,49.72716160279945,3259.78260143792,0.516719900456048
2024-10-21 17:15:00,0,17,690.9082501179228,0,0.0,2000.0,0.0
2024-10-21 18:00:00,0,18,951.6221878014728,1,96.04896409334741,3377.891705852176,0.6545214184607699
2024-10-21 18:45:00,0,18,736.4145699508326,0,0.0,2000.0,0.0
2024-10-21 19:30:00,0,19,582.2124303878467,1,68.30973683782669,4206.471612327781,0.6245664635938366
2024-10-21 20:15:00,0,20,675.315213449089,1,61.23900892615151,2000.0,0.5109929846877949
2024-10-21 21:00:00,0,21,295.93198646156185,0,0.0,2000.0,0.0
2024-10-21 21:45:00,0,21,361.26672426460976,0,0.0,2000.0,0.0
2024-10-21 22:30:00,0,22,163.31545408122912,1,60.92926321082511,2022.727049675254,0.6434700577678527
2024-10-21 23:15:00,0,23,22.43771953516381,0,0.0,2000.0,0.0
2024-10-22 00:00:00,1,0,0.0,1,84.72589492739743,4706.121035955727,0.8472589492739744
2024-10-22 00:45:00,1,0,0.0,1,68.60331724199538,4143.7771354824545,0.6860331724199539
2024-10-22 01:30:00,1,1,54.85433381419788,1,56.918639199114075,3214.542608002149,0.5105924787258421
2024-10-22 02:15:00,1,2,162.5396616396514,1,31.95450137096854,3261.5198419093904,0.2495392978302534
2024-10-22 03:00:00,1,3,219.563095047646,1,62.31298948392764,6368.52829909939,0.4370474814458161
2024-10-22 03:45:00,1,3,393.77932933991025,1,35.55776629738968,3222.9222875066293,0.22498995496405122
2024-10-22 04:30:00,1,4,473.1454279120098,1,30.350675353484828,4912.588104695724,0.17150652469857638
2024-10-22 05:15:00,1,5,356.6569838253353,1,20.20689484279213,2898.5304311888567,0.11792125276411473
2024-10-22 06:00:00,1,6,378.6015318112933,0,0.0,2000.0,0.0
2024-10-22 06:45:00,1,6,611.6321682990728,1,35.70654042678579,3665.6192499647327,0.17350834238457333
2024-10-22 07:30:00,1,7,593.5771181364597,1,61.584687417706604,4202.062792510384,0.30757635397508964
2024-10-22 08:15:00,1,8,320.5094396743772,1,79.37078253358723,5523.777862775907,0.49334739901285407
2024-10-22 09:00:00,1,9,188.75212255113732,0,0.0,2000.0,0.0
2024-10-22 09:45:00,1,9,272.81016565306334,1,50.208293567815154,2472.0766638636233,0.34161661214151073
2024-10-22 10:30:00,1,10,218.50007781363104,1,61.131204701635134,5316.97593710966,0.4628472547812685
2024-10-22 11:15:00,1,11,35.632859730618776,1,28.161634042211844,3332.9942635301086,0.25512222038061166
2024-10-22 12:00:00,1,12,4.5418686562553565e-30,1,34.37256999822125,5292.693829018702,0.34372569998221253
2024-10-22 12:45:00,1,12,8.753389638162594e-30,1,76.39793700103027,4807.79285364992,0.7639793700103027
2024-10-22 13:30:00,1,13,17.87410795974597,1,20.16684564480562,2417.2376599674426,0.2153848831958111
2024-10-22 14:15:00,1,14,122.18534203803578,1,91.42226846658119,3031.95643285475,0.98712593579641
2024-10-22 15:00:00,1,15,211.89003725438306,0,0.0,2000.0,0.0
2024-10-22 15:45:00,1,15,427.42850468890157,1,45.26780114544873,3743.7170871272956,0.43143932919659833
2024-10-22 16:30:00,1,16,433.2753812575585,0,0.0,2000.0,0.0
2024-10-22 17:15:00,1,17,234.70487439607632,1,33.85543997782,4870.81177404392,0.38541682412027145
2024-10-22 18:00:00,1,18,231.0155964645706,1,56.077945593743436,4155.901071395388,0.6448065723946633
2024-10-22 18:45:00,1,18,297.2738849804433,0,0.0,2000.0,0.0
2024-10-22 19:30:00,1,19,190.5647352133258,0,0.0,2000.0,0.0
2024-10-22 20:15:00,1,20,497.8268362529505,1,64.99277929979417,3913.9549044716564,0.6149776659432511
2024-10-22 21:00:00,1,21,277.2522946751677,1,28.059200678658275,3831.408186571855,0.29296578890260566
2024-10-22 21:45:00,1,21,51.49966370506788,0,0.0,2000.0,0.0
2024-10-22 22:30:00,1,22,82.87085141020182,0,0.0,2000.0,0.0
2024-10-22 23:15:00,1,23,31.378865898115894,1,32.61908522283035,3974.023593961644,0.3460030528801848
2024-10-23 00:00:00,2,0,0.0,1,78.48575272100598,3309.7806729631566,0.7848575272100599
2024-10-23 00:45:00,2,0,0.0,1,4.551262020445613,3209.977679002446,0.04551262020445613
2024-10-23 01:30:00,2,1,9.740949878034662,1,25.311228097765238,4835.142478960598,0.23232214014792613
2024-10-23 02:15:00,2,2,170.98612634106345,1,38.996224121403095,4629.88358182096,0.30312969848802807
2024-10-23 03:00:00,2,3,321.4149750374014,1,72.37675117031813,4851.483107966551,0.4785924862197008
2024-10-23 03:45:00,2,3,173.53890171538214,0,0.0,2000.0,0.0
2024-10-23 04:30:00,2,4,137.0078782912419,1,17.604937379711686,4853.201322205829,0.12138362874884893
2024-10-23 05:15:00,2,5,210.05255231291397,0,0.0,2000.0,0.0
2024-10-23 06:00:00,2,6,579.177688991336,1,50.331061210220255,2448.6886511691227,0.2502902314647828
2024-10-23 06:45:00,2,6,447.0367940039468,1,49.18510444787249,3823.7397216241516,0.26733930121716576
2024-10-23 07:30:00,2,7,212.81388539014506,1,71.89914393006974,3178.0246442154476,0.4563076822963151
2024-10-23 08:15:00,2,8,351.70715323500724,1,63.34513230783133,4684.272781544581,0.3864223479675462
2024-10-23 09:00:00,2,9,96.52806234125205,0,0.0,2000.0,0.0
2024-10-23 09:45:00,2,9,437.71473566108716,1,40.320537112520896,3633.727828714632,0.24814760740538622
2024-10-23 10:30:00,2,10,152.17428124959656,1,62.661977108546395,4077.759724068458,0.4921007547779146
2024-10-23 11:15:00,2,11,3.768496577663558,1,31.374082868755732,4196.694813836881,0.28883493403713795
2024-10-23 12:00:00,2,12,8.963517648872176e-30,0,0.0,2000.0,0.0
2024-10-23 12:45:00,2,12,1.44856512331671e-29,1,33.12530294554574,3337.247689022777,0.3312530294554574
2024-10-23 13:30:00,2,13,0.0,1,41.72883097370682,4343.412919850891,0.44968895829464606
2024-10-23 14:15:00,2,14,82.62246519951687,1,46.17512012739763,2262.195527986092,0.5090770434941686
2024-10-23 15:00:00,2,15,128.31351444718857,0,0.0,2000.0,0.0
2024-10-23 15:45:00,2,15,375.71428646661786,1,48.282347000307475,3775.638385263191,0.47530319180484504
2024-10-23 16:30:00,2,16,473.6778122235859,1,79.36108455834287,3566.960195527731,0.7630061656852807
2024-10-23 17:15:00,2,17,252.10792635157281,0,0.0,2000.0,0.0
2024-10-23 18:00:00,2,18,552.4210134935747,1,19.515518542061166,4991.438497375329,0.18362665458971764
2024-10-23 18:45:00,2,18,564.2038624370073,0,0.0,2000.0,0.0
2024-10-23 19:30:00,2,19,516.7993652717558,1,66.43109531000363,4206.727645349774,0.6354131523873626
2024-10-23 20:15:00,2,20,115.80086442145411,1,27.081489800563045,4965.245296002415,0.3214205114317501
2024-10-23 21:00:00,2,21,302.11057410599676,1,55.99427348365211,3407.389878065296,0.5761995981500423
2024-10-23 21:45:00,2,21,1.1422371284752733,1,78.87661504847443,3163.302233500135,0.9555426786019349
2024-10-23 22:30:00,2,22,135.3703137674422,0,0.0,2000.0,0.0
2024-10-23 23:15:00,2,23,52.530647982092475,1,62.094201995990375,3687.7460655958957,0.6515799199912106
2024-10-24 00:00:00,3,0,0.0,0,0.0,2000.0,0.0
2024-10-24 00:45:00,3,0,0.0,0,0.0,2000.0,0.0
2024-10-24 01:30:00,3,1,36.191713719888746,1,32.118949021942015,4003.7512501909046,0.2908895963744624
2024-10-24 02:15:00,3,2,126.13107994118974,1,48.951290680042455,3105.8624923312977,0.3898452843589083
2024-10-24 03:00:00,3,3,290.9902995069613,1,44.40631483778728,3678.19372690147,0.29895974093487626
2024-10-24 03:45:00,3,3,222.72308348854918,0,0.0,2000.0,0.0
2024-10-24 04:30:00,3,4,376.9998853102496,1,31.53553172462682,4091.254224025819,0.1894232667820489
2024-10-24 05:15:00,3,5,284.0761839716639,0,0.0,2000.0,0.0
2024-10-24 06:00:00,3,6,282.73711991346863,0,0.0,2000.0,0.0
2024-10-24 06:45:00,3,6,661.4464415433487,1,39.90602528542471,4193.466871574746,0.18695723252383223
2024-10-24 07:30:00,3,7,561.3260746288486,1,48.9544779344024,4746.849246881241,0.2501031003774938
2024-10-24 08:15:00,3,8,219.7411205143138,0,0.0,2000.0,0.0
2024-10-24 09:00:00,3,9,87.03595866543704,0,0.0,2000.0,0.0
2024-10-24 09:45:00,3,9,503.2176853391417,1,56.68523990119033,2672.456443016617,0.33423511788908844
2024-10-24 10:30:00,3,10,133.1115889128614,1,57.235686117536375,3136.0527715791404,0.45412371623216125
2024-10-24 11:15:00,3,11,37.73386487207976,1,61.55341042824697,2000.0,0.5570289975293348
2024-10-24 12:00:00,3,12,1.3094638358757161e-29,1,46.66708592902768,2000.0,0.4666708592902768
2024-10-24 12:45:00,3,12,1.2315139844226182e-30,1,40.81745613539216,4281.617641955231,0.40817456135392166
2024-10-24 13:30:00,3,13,22.193475570751566,1,82.41264327645199,2450.7255010311706,0.8782611237759129
2024-10-24 14:15:00,3,14,134.6813237283865,0,0.0,2000.0,0.0
2024-10-24 15:00:00,3,15,62.45896628631259,1,55.13518686686403,4756.739642929161,0.6474402469175478
2024-10-24 15:45:00,3,15,413.6253159548645,0,0.0,2000.0,0.0
2024-10-24 16:30:00,3,16,422.0077683379682,1,0.0,3743.2131778809357,0.0
2024-10-24 17:15:00,3,17,554.591260106312,1,45.39874864550857,3574.044318280435,0.4231744544289237
2024-10-24 18:00:00,3,18,643.0380960355412,1,47.43907843956255,5302.31451118297,0.4184246443108427
2024-10-24 18:45:00,3,18,836.8481369397691,1,38.724928936535335,4949.211553054849,0.2927793260561398
2024-10-24 19:30:00,3,19,377.61037380109224,1,9.427579398327111,4626.966316055345,0.09863708829286849
2024-10-24 20:15:00,3,20,399.42592847422947,0,0.0,2000.0,0.0
2024-10-24 21:00:00,3,21,271.16239282730965,0,0.0,2000.0,0.0
2024-10-24 21:45:00,3,21,487.5597943585589,1,46.885958121070615,5503.509112313502,0.4297747955811682
2024-10-24 22:30:00,3,22,138.1761555084035,1,69.48991652022819,2981.52463807684,0.7439234052922753
2024-10-24 23:15:00,3,23,25.752561607042864,1,52.9593047917252,4714.61339783663,0.5633650084273288
2024-10-25 00:00:00,4,0,0.0,1,20.890397596220367,4504.190710897794,0.20890397596220367
2024-10-25 00:45:00,4,0,0.0,0,0.0,2000.0,0.0
2024-10-25 01:30:00,4,1,21.633038522128412,0,0.0,2000.0,0.0
2024-10-25 02:15:00,4,2,81.95422236079003,0,0.0,2000.0,0.0
2024-10-25 03:00:00,4,3,48.35075473388663,1,23.654415774962224,4303.538130256538,0.1818601065047837
2024-10-25 03:45:00,4,3,347.13478636421337,1,39.34215951810329,4898.809425821458,0.25616458119359736
2024-10-25 04:30:00,4,4,564.7369437190923,1,54.33670937607957,3553.8330872361043,0.2886286605054223
2024-10-25 05:15:00,4,5,653.969160632264,1,16.39248154722415,4086.04986492337,0.07835450894822271
2024-10-25 06:00:00,4,6,748.268933031196,1,69.26163646030913,4032.207879297222,0.30343929737263864
2024-10-25 06:45:00,4,6,569.9047229506897,1,70.55920258998627,5853.828371852952,0.35317233831706685
2024-10-25 07:30:00,4,7,349.8376196960012,1,49.95777907600064,3733.6365400309364,0.2927480996993901
2024-10-25 08:15:00,4,8,490.50109224220637,1,79.05244490261447,4167.42802943055,0.44163422561836885
2024-10-25 09:00:00,4,9,266.8881929840206,0,0.0,2000.0,0.0
2024-10-25 09:45:00,4,9,98.49714152895194,1,55.58480774408017,3263.8649446124105,0.4163672263640043
2024-10-25 10:30:00,4,10,163.1514274823163,0,0.0,2000.0,0.0
2024-10-25 11:15:00,4,11,31.51438111343356,1,38.61155879096796,2126.7828072680204,0.3505236747301236
2024-10-25 12:00:00,4,12,1.374550200194998e-29,0,0.0,2000.0,0.0
2024-10-25 12:45:00,4,12,1.3527789720575102e-29,1,40.45330149024974,3591.2334933812967,0.40453301490249743
2024-10-25 13:30:00,4,13,58.13575981250627,0,0.0,2000.0,0.0
2024-10-25 14:15:00,4,14,309.34705597244783,1,16.219739574054792,4122.333836729498,0.15767621515785657
2024-10-25 15:00:00,4,15,300.6646841582345,1,51.68324797719335,3776.2381282978504,0.5322906222799778
2024-10-25 15:45:00,4,15,17.67403268648804,0,0.0,2000.0,0.0
2024-10-25 16:30:00,4,16,322.50717400282804,1,57.567875151206806,3894.8148865909243,0.6082962048726134
2024-10-25 17:15:00,4,17,887.8224984897067,0,0.0,2000.0,0.0
2024-10-25 18:00:00,4,18,643.9920844649,0,0.0,2000.0,0.0
2024-10-25 18:45:00,4,18,351.20033941763904,1,40.21705989428967,4529.977694252549,0.4310141855716144
2024-10-25 19:30:00,4,19,573.9030233276596,1,45.49434262163465,3704.2372393830906,0.4183996739641551
2024-10-25 20:15:00,4,20,309.28246799465103,0,0.0,2000.0,0.0
2024-10-25 21:00:00,4,21,214.27005418117903,0,0.0,2000.0,0.0
2024-10-25 21:45:00,4,21,270.2399912166198,1,63.8387263943771,3694.5911269267667,0.6692524960426804
2024-10-25 22:30:00,4,22,154.93079966504888,1,50.9549351751342,3297.412960884293,0.5405884436060489
2024-10-25 23:15:00,4,23,19.55075769318548,1,54.07844915151189,3314.9710686668036,0.5770772517210234
2024-10-26 00:00:00,5,0,0.0,0,0.0,2000.0,0.0
2024-10-26 00:45:00,5,0,0.0,1,61.68821144291808,4215.863519079028,0.6168821144291808
2024-10-26 01:30:00,5,1,36.15752794355357,1,73.5087659941222,5081.763114679012,0.6657536486447577
2024-10-26 02:15:00,5,2,100.77432404250357,1,13.081942882457284,2058.7575002320405,0.10559363770853226
2024-10-26 03:00:00,5,3,290.8204041590997,1,29.13844022368265,3817.7708982790446,0.1961902618694348
2024-10-26 03:45:00,5,3,294.3074093782488,0,0.0,2000.0,0.0
2024-10-26 04:30:00,5,4,426.7826930918781,0,0.0,2000.0,0.0
2024-10-26 05:15:00,5,5,348.9311743925455,1,32.616484615370396,4064.9336957173705,0.19123466004192063
2024-10-26 06:00:00,5,6,618.4054824727928,1,54.93376718157564,3011.5545918827315,0.2656366704781333
2024-10-26 06:45:00,5,6,574.3508535369382,1,36.11512941259506,5306.804174581537,0.18020626197514208
2024-10-26 07:30:00,5,7,549.39562937684,1,48.231625509268326,4059.4386773703995,0.24845352337236146
2024-10-26 08:15:00,5,8,593.961932856369,0,0.0,2000.0,0.0
2024-10-26 09:00:00,5,9,188.10597361541986,1,47.1734491108693,4060.856669337344,0.33670833809847356
2024-10-26 09:45:00,5,9,70.65167170064625,0,0.0,2000.0,0.0
2024-10-26 10:30:00,5,10,168.06725950850316,1,39.75121202798945,4153.239719227515,0.3094915738502464
2024-10-26 11:15:00,5,11,28.473416034766824,0,0.0,2000.0,0.0
2024-10-26 12:00:00,5,12,9.473231932986781e-30,1,66.04833836791288,4810.932348707727,0.6604833836791287
2024-10-26 12:45:00,5,12,1.0815159078041142e-29,1,53.47959136838008,3369.2014764400756,0.5347959136838007
2024-10-26 13:30:00,5,13,43.7676102707062,1,50.62793111241139,3215.978574738871,0.5336501501583669
2024-10-26 14:15:00,5,14,200.6704625062937,1,30.086339331000303,3836.4405985686394,0.31127762444163304
2024-10-26 15:00:00,5,15,370.46220849220856,1,55.24404952681006,3153.029413526187,0.5455943649066548
2024-10-26 15:45:00,5,15,362.2653244635915,1,44.07955316702475,3439.6923056613105,0.43752277119022515
2024-10-26 16:30:00,5,16,452.9531871762035,1,84.13876226310946,4123.655144609155,0.8199243986452498
2024-10-26 17:15:00,5,17,433.91457591420556,1,9.755048491844427,4165.439103264701,0.0985212161968667
2024-10-26 18:00:00,5,18,424.55590669071194,1,7.546240877896452,3617.443056219071,0.0772764240155119
2024-10-26 18:45:00,5,18,563.2021992756229,0,0.0,2000.0,0.0
2024-10-26 19:30:00,5,19,502.87809686497684,0,0.0,2000.0,0.0
2024-10-26 20:15:00,5,20,369.559794585136,1,100.0,3303.7250706147174,1.0270204982935505
2024-10-26 21:00:00,5,21,284.7599373778473,1,68.61813652640728,4300.911848363667,0.7133189553215556
2024-10-26 21:45:00,5,21,355.5246110691881,1,44.982448240746464,3834.8986643333374,0.4483223607146869
2024-10-26 22:30:00,5,22,76.743325214777,1,53.48736900757025,2431.739301311569,0.5915021518979311
2024-10-26 23:15:00,5,23,42.638863191368124,1,82.91772341444391,2306.582035836451,0.874509115927725
2024-10-27 00:00:00,6,0,0.0,0,0.0,2000.0,0.0
2024-10-27 00:45:00,6,0,0.0,1,90.48706360302775,2385.9797958709287,0.9048706360302775
2024-10-27 01:30:00,6,1,74.62758741255766,0,0.0,2000.0,0.0
2024-10-27 02:15:00,6,2,204.86877013222306,0,0.0,2000.0,0.0
2024-10-27 03:00:00,6,3,293.06171489652996,1,51.199550926034945,2240.8848790700604,0.34427653083845033
2024-10-27 03:45:00,6,3,138.90708753522804,1,63.644935031915416,3616.309769834921,0.4666114049806608
2024-10-27 04:30:00,6,4,503.11513873566815,1,57.54679648769919,3138.9599659106602,0.31880429383388564
2024-10-27 05:15:00,6,5,789.3602862522189,1,14.78677633244655,4858.635283087159,0.06357007145069465
2024-10-27 06:00:00,6,6,218.34925503610515,1,38.25754177423342,6120.893341574128,0.23856552230892603
2024-10-27 06:45:00,6,6,322.4117645149572,1,8.056903294083959,4289.290912911903,0.04730658163208578
2024-10-27 07:30:00,6,7,310.9247751152791,1,89.63544452686622,3553.7344447586547,0.5376418265781919
2024-10-27 08:15:00,6,8,238.65395021868483,1,41.99438594498407,5113.001884461586,0.2737477375463107
2024-10-27 09:00:00,6,9,94.97817540515864,0,0.0,2000.0,0.0
2024-10-27 09:45:00,6,9,337.5364461073392,1,83.20024108051598,2726.564601752056,0.5448791185541525
2024-10-27 10:30:00,6,10,129.22805083606374,1,22.50779070626896,3552.9546402892693,0.17895450983649805
2024-10-27 11:15:00,6,11,38.14258828483052,1,79.42047481228329,3404.8077169037124,0.7185677031643207
2024-10-27 12:00:00,6,12,4.4068383786105495e-30,1,67.40892683099523,3696.821519286347,0.6740892683099523
2024-10-27 12:45:00,6,12,7.077983189506518e-30,1,59.23034110491233,2285.952064909229,0.5923034110491233
2024-10-27 13:30:00,6,13,29.947782083169855,1,31.327009685074568,2940.8336724301907,0.3325390786251721
2024-10-27 14:15:00,6,14,187.3751021328684,1,53.48141855123547,2295.331104236324,0.5574150673255294
2024-10-27 15:00:00,6,15,359.58440046611304,1,0.0,3696.592116239948,0.0
2024-10-27 15:45:00,6,15,408.81019711660724,0,0.0,2000.0,0.0
2024-10-27 16:30:00,6,16,327.6445936192492,0,0.0,2000.0,0.0
2024-10-27 17:15:00,6,17,442.44569468369815,1,37.418610292764555,3680.3027917557374,0.3758510223126769
2024-10-27 18:00:00,6,18,717.421638047236,1,56.503787095125425,4882.821128904935,0.47105847552785896
2024-10-27 18:45:00,6,18,283.92113033995724,1,72.7088246878605,3670.6077682457294,0.81103150495025
2024-10-27 19:30:00,6,19,791.2094726924996,1,37.374845112958624,3922.36043532188,0.29135020889372115
2024-10-27 20:15:00,6,20,518.0551491110099,0,0.0,2000.0,0.0
2024-10-27 21:00:00,6,21,286.4835845549852,0,0.0,2000.0,0.0
2024-10-27 21:45:00,6,21,231.85537028246654,1,16.74359825371433,3534.3393572518526,0.17942647066054448
2024-10-27 22:30:00,6,22,167.17753305744893,1,39.55865156981044,5968.6387477524195,0.41689791581482966
2024-10-27 23:15:00,6,23,22.466359839860807,1,46.85345083441871,4087.682472030086,0.49924241245442114
2024-10-28 00:00:00,0,0,0.0,1,64.06625272825694,4002.832519872567,0.6406625272825694
2024-10-28 00:45:00,0,0,0.0,1,27.221208763877556,4666.297933111737,0.2722120876387756
2024-10-28 01:30:00,0,1,17.70824345202032,1,56.58416168919094,6130.932530561922,0.5172854176464824
2024-10-28 02:15:00,0,2,173.26411920384487,1,59.886548334399635,3480.098421923694,0.4649368531327944
2024-10-28 03:00:00,0,3,257.8999397216514,0,0.0,2000.0,0.0
2024-10-28 03:45:00,0,3,244.50603636632667,1,6.711960067753829,5361.069930744903,0.04641647453378186
2024-10-28 04:30:00,0,4,355.9847631622243,0,0.0,2000.0,0.0
2024-10-28 05:15:00,0,5,655.8492589635695,0,0.0,2000.0,0.0
2024-10-28 06:00:00,0,6,375.73918697546475,1,22.299262827558593,6500.0,0.12676936569548342
2024-10-28 06:45:00,0,6,236.6409762104131,0,0.0,2000.0,0.0
2024-10-28 07:30:00,0,7,306.98400316678703,1,63.114445986263554,3519.285393111619,0.3794496141126246
2024-10-28 08:15:00,0,8,495.38877323463095,1,40.79287385702549,3702.962639310302,0.22715547770403502
2024-10-28 09:00:00,0,9,282.23869202493546,1,47.386681352252324,4884.2129588352,0.3206583531687401
2024-10-28 09:45:00,0,9,212.26991659495926,1,41.62348975878466,3700.591868553683,0.29313244096805374
2024-10-28 10:30:00,0,10,118.35646442076208,1,77.63031052794997,5044.725456656139,0.6208084308721852
2024-10-28 11:15:00,0,11,33.37286358872395,1,17.385859270643074,2855.7772098005835,0.1576833950648234
2024-10-28 12:00:00,0,12,3.6744725422736636e-30,1,88.65416956483779,5620.318149626413,0.8865416956483779
2024-10-28 12:45:00,0,12,7.194195904677335e-30,1,42.0825830972419,2259.182647822052,0.42082583097241905
2024-10-28 13:30:00,0,13,41.07422986799327,1,85.88277436382194,3996.2428777619007,0.9065046895247101
2024-10-28 14:15:00,0,14,140.11237419772056,1,54.9285747040125,3093.207178652624,0.5874256142709564
2024-10-28 15:00:00,0,15,391.1498037994293,1,57.74934274417802,3980.9879573141343,0.5630961874982116
2024-10-28 15:45:00,0,15,203.93554418056317,0,0.0,2000.0,0.0
2024-10-28 16:30:00,0,16,356.0057821182865,1,61.267035793164524,3401.738519671686,0.6344558267737421
2024-10-28 17:15:00,0,17,201.0940515909378,1,68.51618254894251,5619.460474847706,0.7948524183578203
2024-10-28 18:00:00,0,18,251.27468610343925,1,9.370388820091655,4840.913647065058,0.10651053484985945
2024-10-28 18:45:00,0,18,694.2738048962002,0,0.0,2000.0,0.0
2024-10-28 19:30:00,0,19,491.1126428973007,1,67.58628174225962,3868.423270731834,0.6576582284742056
2024-10-28 20:15:00,0,20,130.28305342289357,0,0.0,2000.0,0.0
2024-10-28 21:00:00,0,21,372.4419284401362,1,70.390861026762,4296.259706240156,0.6943408297318707
2024-10-28 21:45:00,0,21,278.9404307510245,1,58.30266922463126,4123.678619929564,0.6081409858966347
2024-10-28 22:30:00,0,22,109.01279337933288,0,0.0,2000.0,0.0
2024-10-28 23:15:00,0,23,31.363223090015303,1,50.59490627608804,4717.0137142774765,0.5366836934887086
2024-10-29 00:00:00,1,0,0.0,1,44.67071762565965,4455.170886706606,0.4467071762565965
2024-10-29 00:45:00,1,0,0.0,0,0.0,2000.0,0.0
2024-10-29 01:30:00,1,1,30.65203230426111,0,0.0,2000.0,0.0
2024-10-29 02:15:00,1,2,7.489366965266624,1,71.3425147891012,4521.442348291046,0.6041405570450681
2024-10-29 03:00:00,1,3,280.324488339638,0,0.0,2000.0,0.0
2024-10-29 03:45:00,1,3,239.90307251450838,1,49.21126393749013,4998.337413663798,0.34121220031764976
2024-10-29 04:30:00,1,4,418.5800091944842,1,54.032250301769096,3193.012928274912,0.3162386105081532
2024-10-29 05:15:00,1,5,646.4971013759773,1,51.540331256794985,4486.252246997327,0.24772547804350722
2024-10-29 06:00:00,1,6,583.9527788320335,1,74.82993198618337,4490.35198922506,0.3708695103722801
2024-10-29 06:45:00,1,6,679.4479827421956,1,62.550176875605,4858.677666669793,0.2891026678851943
2024-10-29 07:30:00,1,7,667.9351529779842,1,20.866613907290635,5309.440992365645,0.09870556240738404
2024-10-29 08:15:00,1,8,427.3109467620576,0,0.0,2000.0,0.0
2024-10-29 09:00:00,1,9,284.08622543892164,1,23.578036113201513,3347.8829239790584,0.1593773260097099
2024-10-29 09:45:00,1,9,339.85443233659004,1,38.70328712340876,3494.0968867947345,0.25311475877624773
2024-10-29 10:30:00,1,10,111.47385362030582,1,72.90247441542613,5225.792847455275,0.5851324735445632
2024-10-29 11:15:00,1,11,29.48578168134364,1,75.4971595304746,3964.8055943931827,0.6860850560794991
2024-10-29 12:00:00,1,12,7.919897003281265e-30,1,35.68002762624849,4526.044662813403,0.3568002762624849
2024-10-29 12:45:00,1,12,6.841055280577748e-30,0,0.0,2000.0,0.0
2024-10-29 13:30:00,1,13,33.57135899291145,1,55.96750659366337,3822.327201243996,0.5930074648014726
2024-10-29 14:15:00,1,14,77.49286657819854,0,0.0,2000.0,0.0
2024-10-29 15:00:00,1,15,136.945916852585,0,0.0,2000.0,0.0
2024-10-29 15:45:00,1,15,315.41107936065987,1,66.221175305208,3969.4334726387688,0.6760997226444744
2024-10-29 16:30:00,1,16,159.11811948521225,1,36.840358145411415,3486.1077132729724,0.42719287655534116
2024-10-29 17:15:00,1,17,631.5995119286673,1,61.40665974364073,3898.2392188922527,0.5418930474014583
2024-10-29 18:00:00,1,18,408.5424286257766,1,55.43715465913063,3729.6510421429225,0.5734682168651621
2024-10-29 18:45:00,1,18,776.0081875214105,1,53.06071518773355,5171.01984779222,0.4221482262012874
2024-10-29 19:30:00,1,19,456.11548981643136,1,43.54060432198546,4104.463217532214,0.4335050357349542
2024-10-29 20:15:00,1,20,395.9160125935193,1,39.363894904354304,3197.408554640922,0.3977401221505611
2024-10-29 21:00:00,1,21,439.0578031242405,0,0.0,2000.0,0.0
2024-10-29 21:45:00,1,21,196.0289736746294,0,0.0,2000.0,0.0
2024-10-29 22:30:00,1,22,165.3582733775072,1,86.82274913663834,3454.264439667696,0.9159096707203839
2024-10-29 23:15:00,1,23,24.138025904180644,0,0.0,2000.0,0.0
2024-10-30 00:00:00,2,0,0.0,0,0.0,2000.0,0.0
2024-10-30 00:45:00,2,0,0.0,1,40.84437135374937,3730.1835191853997,0.40844371353749365
2024-10-30 01:30:00,2,1,40.58514613110994,0,0.0,2000.0,0.0
2024-10-30 02:15:00,2,2,146.2633208606404,1,46.34388904285529,4946.590789209691,0.36511480963399856
2024-10-30 03:00:00,2,3,252.7969625123416,1,47.40105700781056,3337.894544658549,0.32625325194424165
2024-10-30 03:45:00,2,3,350.6030364739069,1,41.78125503093894,6239.7510355583,0.27147517321490733
2024-10-30 04:30:00,2,4,487.5486263492889,0,0.0,2000.0,0.0
2024-10-30 05:15:00,2,5,626.5924670289634,1,69.43450279108966,4684.341075819891,0.3386406074786618
2024-10-30 06:00:00,2,6,511.85447077619693,0,0.0,2000.0,0.0
2024-10-30 06:45:00,2,6,558.7896838443198,1,44.23072916706562,3660.435473737675,0.22311024108332014
2024-10-30 07:30:00,2,7,713.6353374103792,1,49.376158781778535,4830.168278579882,0.22555148024478167
2024-10-30 08:15:00,2,8,314.50231894745036,0,0.0,2000.0,0.0
2024-10-30 09:00:00,2,9,371.3748655365121,0,0.0,2000.0,0.0
2024-10-30 09:45:00,2,9,360.5114890176228,1,69.25921098559098,4615.160135013649,0.4473107796260889
2024-10-30 10:30:00,2,10,149.9978921364091,1,81.21713279895717,3260.5019824401875,0.6385704342090088
2024-10-30 11:15:00,2,11,47.95795932130473,0,0.0,2000.0,0.0
2024-10-30 12:00:00,2,12,7.490082435318776e-30,0,0.0,2000.0,0.0
2024-10-30 12:45:00,2,12,1.1714453562727953e-29,1,59.344325028438874,2777.8412205701447,0.5934432502843887
2024-10-30 13:30:00,2,13,6.6058188524405255,1,46.518169981069725,4126.575213880045,0.4996453128016006
2024-10-30 14:15:00,2,14,290.4849253859513,1,49.748544179037815,3905.484513963413,0.48901384573146667
2024-10-30 15:00:00,2,15,144.30766163543132,1,38.32833766060333,4972.098509247927,0.4310681065021515
2024-10-30 15:45:00,2,15,320.6672893076096,1,83.96403302177977,2985.116896020783,0.8545745824439922
2024-10-30 16:30:00,2,16,369.0085029146432,1,74.92405057413285,2892.7131723120083,0.7697455393486281
2024-10-30 17:15:00,2,17,550.214460618803,1,61.95027549017428,2000.0,0.5792044500645251
2024-10-30 18:00:00,2,18,238.1278829528493,0,0.0,2000.0,0.0
2024-10-30 18:45:00,2,18,491.4237143411003,0,0.0,2000.0,0.0
2024-10-30 19:30:00,2,19,415.70789836855016,0,0.0,2000.0,0.0
2024-10-30 20:15:00,2,20,314.3887383791158,1,26.626343212784146,3557.279033971679,0.2827113116262861
2024-10-30 21:00:00,2,21,256.3126617800948,1,45.585210775339334,4032.3910295362125,0.48173978497295705
2024-10-30 21:45:00,2,21,328.46829953042953,0,0.0,2000.0,0.0
2024-10-30 22:30:00,2,22,135.86935697131236,0,0.0,2000.0,0.0
2024-10-30 23:15:00,2,23,27.20013118882783,1,73.26060897398456,6350.7562038839005,0.7787526990810721
